participant.id_in_session,participant.code,participant.label,participant._is_bot,participant._index_in_pages,participant._max_page_index,participant._current_app_name,participant._round_number,participant._current_page_name,participant.ip_address,participant.time_started,participant.visited,participant.mturk_worker_id,participant.mturk_assignment_id,participant.payoff,player.id_in_group,player.q_gender,player.q_major,player.q_gpa,player.q_menu,player.q_price,player.q_size,player.q_no_offer,player.q_type,player.quizpts,player.quizusd,player.balancepts,player.balanceusd,player.partfeepts,player.partfeeusd,player.payoff,group.id_in_subsession,subsession.round_number,session.code,session.label,session.experimenter_name,session.mturk_HITId,session.mturk_HITGroupId,session.comment,session.is_demo
1,04qsic7w,,0,0,147,,,,,,0,,,0,1,,,,,,,,,,,,,,,0,1,1,evygvecw,,,,,,1
1,7ebpizrz,,0,1,147,quizHarsh,1,introduction,10.141.252.20,2017-11-29 00:56:13.362164+00:00,1,,,0,1,,,,,,,,,,,,,,,0,1,1,wm9ussel,,,,,,1
1,mon41tfc,,0,0,147,,,,,,0,,,0,1,,,,,,,,,,,,,,,0,1,1,pu72fr6w,,,,,,1
1,etdawpu3,,0,147,147,surveyBundling,1,thankYou,10.7.182.90,2017-11-29 19:22:53.848276+00:00,1,,,0,1,Female,First Year Engineering (Agricultural),3.91 - 4.00,I offered four because I made one package that each person would choose,I found prices that gave me the highest earnings based on my base quantity for the LL preference,"I found that 25A 100B at a price of 150 gave LL 0 earnings, so I knew that I would always have at least one package that would be selected.  Then I found ranges of quantities that gave the other preferences higher earnings than they would get from that package and also gave me higher earnings",no because you wouldn't make any points,"somewhat, I made a package that each particular buyer would prefer",0,2,0,0,500,5,0,1,1,l6mxjzgf,,,,,,0
2,2dkh7015,,0,147,147,surveyBundling,1,thankYou,10.142.21.190,2017-11-29 19:23:59.270913+00:00,1,,,0,2,Male,Engineering,3.71 - 3.90,"Two, because I devised a system that would allow me to earn money for the HH, LH, and HL cases and needed only one other package for the LL case. ",Trial and error in the system. The ideal prices could be mathematically calculated but I just put in values and the calculator and when I was satisfied with the output I used them along with slight optimization.,"Same as how I decided on the price, trial and error with optimization.","No, it was definitely possible to ensure that I would always earn money.","Yes slightly. I had to account for the possibility of an LL buyer which reduced my potential earnings from HH, HL, and LH buyers.",0,2,0,0,500,5,0,1,1,l6mxjzgf,,,,,,0
3,mnl85fsh,,0,147,147,surveyBundling,1,thankYou,10.153.158.26,2017-11-29 19:24:55.273582+00:00,1,,,0,3,Male,Cybersecurity,3.71 - 3.90,"I offered 2 packages just about every time. 1 gave me the most profit for HL and the other gave me most profit for LH. This strategy would also work for HH, but anytime a LL appeared, I would lose out. This was worth the risk however, because the chance of a LL appearing was only 10 percent. ",Prices came about merely through random estimations plugged into the calculator provided. No real calculations here.,Similar to prices I just plugged in random estimations until I got a high number in the profit box that was worth it for the buyers. ,"No, there is no point in not making an offer because you miss out on tons of profit available.","Yes it did, if I knew the buyer type I would only offer 1 package each time in which was likely to be purchased by them and make me the most profit.",0,1.8,0,0,500,5,0,1,1,l6mxjzgf,,,,,,0
4,0uaxli4z,,0,147,147,surveyBundling,1,thankYou,10.97.205.125,2017-11-29 19:25:59.894108+00:00,1,,,0,4,Female,management and strategy/ organizational management (HR),2.91 - 3.10,3 - thought it was a could mix of options for the buyer,which ever package sold the last time i would base my prices around similar numbers. i started making prices higher as the game went on but never above 250. if there were more rounds i would have done higher prices,which ever package sold the last time i would base my prices around similar numbers,no - i wanted to make as many points as i could,"not really, if i did i would have done a lot of math to find the optimal prices and quantities but that would take too long",0,1.8,0,0,500,5,0,1,1,l6mxjzgf,,,,,,0
5,1yr7y39v,,0,147,147,surveyBundling,1,thankYou,10.181.102.139,2017-11-29 19:26:52.715262+00:00,1,,,0,5,Male,Computer Science and Mathamatics,2.91 - 3.10,"One because this package would be bought by HH HL or LH since it made them all profit, but at the same time made me 200 points.  ",I decided on prices by running multiple different options through the calculator.  I would select the price that gave em as much profit as possible while giving the buyer as little profit as possible,"I decided on 74 A and 148 B because I started at 75 and 150, then worked my way down to see where my earnings would be optimized.",No because that is just a lost oppurtunity,"Yes it did.  I made the package most effective for HH, HL, and LH but not for LL because that would just decrease my earnings.  If I knew what buyer it was, I could've optimized the earnings for that buyer instead of for 3 of the buyers",0,2,0,0,500,5,0,1,1,l6mxjzgf,,,,,,0
6,awzm8t46,,0,147,147,surveyBundling,1,thankYou,10.41.160.188,2017-11-29 19:27:41.392344+00:00,1,,,0,6,Male,Psychology,2.91 - 3.10,2 because having 3 or more made the buyer just but the cheapest one.,What ever gave me the most earnings,Trail and error with the calculator ,no,Yeah I tried to make all the numbers positive on the buyers end.,0,2,0,0,500,5,0,1,1,l6mxjzgf,,,,,,0
7,y1x7f80j,,0,147,147,surveyBundling,1,thankYou,10.109.198.183,2017-11-29 19:28:36.064140+00:00,1,,,0,7,Female,Accounting,3.71 - 3.90,"Two, easier to try and formulate the combinations that yielded most profitable outcomes.",Stayed within a difference of 10 between the quantity chosen for product B.,Started by picking mild number within given range. Stayed with similar numbers throughout the experiment.,"No, better to hope for some amount of profit than willingly accept 0.","No, remained with same strategy throughout the experiment.",0,2,0,0,500,5,0,1,1,l6mxjzgf,,,,,,0
8,yiij2mml,,0,147,147,surveyBundling,1,thankYou,10.164.117.92,2017-11-29 19:29:29.381831+00:00,1,,,0,8,Female,skip,2.71 - 2.90,"one. Because when I offered two or more, the consumers only chose one of them.",to make more profit and give buyers enough benefit.,to calculate which one will have more profit,"once, that was a accident",kind of. I just image they are HL or LH,0,1.6,0,0,500,5,0,1,1,l6mxjzgf,,,,,,0
9,kzqthrg5,,0,147,147,surveyBundling,1,thankYou,10.109.198.183,2017-11-29 19:30:20.195200+00:00,1,,,0,9,Male,Brain & Behavioral Science,3.11 - 3.30,"I offer two packages more often than the rest. This way the buyer has enough options but not too many. Every new package is a potential deal, and since I don't know the buyer's preferences, I feel offering two keeps that variability at bay. I also may be way off base lol. Free Meek, too.","At first I mostly guessed, playing with numbers, looking for patterns, etc. After a while I would hedge my bets. I would enter semi random prices and quantities I thought might work. I used the calculator, tinkered with the numbers, and would settle on a quantity and price that would have at or over a 50% rate of being selected. I then would do this again, this time tailoring to the preferences the previously proposed prices and quantities failed to entice. When each package would get me a decent amount of money (around $130+), I pulled the trigger. Free Meek, too.","(same answer as above) At first I mostly guessed, playing with numbers, looking for patterns, etc. After a while I would hedge my bets. I would enter semi random prices and quantities I thought might work. I used the calculator, tinkered with the numbers, and would settle on a quantity and price that would have at or over a 50% rate of being selected. I then would do this again, this time tailoring to the preferences the previously proposed prices and quantities failed to entice. When each package would get me a decent amount of money (around $130+), I pulled the trigger. Free Meek, too.","I always made an offer because I was confident I could at least not take in a loss of points. In my mind, that would be the only reason to avoid making an offer. Free Meek, too.","This totally affected my strategies. Knowing my buyer's type would have made my strategy much easier and more lucrative. And that's facts, my guy. Free Meek, too.",0,1.8,0,0,500,5,0,1,1,l6mxjzgf,,,,,,0
10,sou29tug,,0,147,147,surveyBundling,1,thankYou,10.166.206.204,2017-11-29 19:31:17.447746+00:00,1,,,0,10,Female,Neurobiology,3.11 - 3.30,"4, because it gave me the most options",I used the calculator to see what was best,I used the calculator,No I made offers everytime,"No, I used the same strategy each time",0,2,0,0,500,5,0,1,1,l6mxjzgf,,,,,,0
11,rsj4hlyq,,0,147,147,surveyBundling,1,thankYou,10.111.223.252,2017-11-29 19:32:01.167803+00:00,1,,,0,11,Female,Biology,3.31 - 3.50,Four or three because I felt like I had better chances of getting one chosen.,"I calculated the earnings of the different buyer types, trying to make one package target a particular buyer.",Whatever made me the most earnings and minimized the buyers.,No,"Yes, I tried to plan for all the types.",0,2,0,0,500,5,0,1,1,l6mxjzgf,,,,,,0
12,bvbo234e,,0,147,147,surveyBundling,1,thankYou,10.164.117.92,2017-11-29 19:32:53.830370+00:00,1,,,0,12,Male,Computer Science,3.11 - 3.30,"One. I initially thought of offering 4 packages that makes the earning 0 for 4 different buyers. But then no matter what package you offer to a Type-LL buyer, the other buyer will definitely take it. So I changed it to offer one package that has a 80% chance of netting me 180 profit. ","I tried to minimize the buyer's earnings. Offered only one package with 40 / 0 / 0 earnings for the first 3 type of buyers and disregarding the type-LL buyers, since it only has a 10% chance of occurring.",Tried to minimize production cost and maximize my earnings.,"No, not making an offer automatically makes my earning for that round 0.","Yes, I ignored the type-LL buyer and tried to only sell to the first 3 types, since that covers 90% of buyers.",0,2,0,0,500,5,0,1,1,l6mxjzgf,,,,,,0
13,lh4pgoor,,0,147,147,surveyBundling,1,thankYou,10.182.121.244,2017-11-29 19:33:37.593866+00:00,1,,,0,13,Female,Agricultural Economics,3.71 - 3.90,"Most frequently I offered 2 packages. I wanted to offer more options, and see how the buyer is going to react.","Using the calculator, watching seller's and buyers' earnings.","Looking at the earnings, I wasn't very focused on the production costs.",No.,Yes.,0,2,0,0,500,5,0,1,1,l6mxjzgf,,,,,,0
14,4uye1p8k,,0,147,147,surveyBundling,1,thankYou,10.69.218.111,2017-11-29 19:34:31.583746+00:00,1,,,0,14,Female,Actuarial Science,2.71 - 2.90,1-it was hard to pick different packages that would work specifically towards one type of buyer without undercutting your package towards another,Based on a balance between payoff and thinking the buyer would buy it,Balance between payoff and thinking the buyer would buy it,No,"Yes, if I knew buyers type I could've marketed towards the specific buyer instead of all four",0,2,0,0,500,5,0,1,1,l6mxjzgf,,,,,,0
1,7t5ywcg7,,0,147,147,surveyBundling,1,thankYou,10.67.132.73,2017-11-29 21:33:53.854453+00:00,1,,,0,1,Male,Engineering,3.91 - 4.00,"one. it seemed if i give a good offer on the first package, the buyer will buy and i wont waste too much money on production ",I tried to get the most and yet give little bit less benefit toward buyer.,I just gave high number and high pricing in order to get more money(price),I have not.,yes it did. I dont know the buyer type so i had to give fair enough amount of A and B at the same time in order to make sure that the buyer buys ,0,1.8,0,0,500,5,0,1,1,zpnfshc7,,,,,,0
2,ko9ayrr1,,0,147,147,surveyBundling,1,thankYou,10.97.237.237,2017-11-29 21:34:33.973726+00:00,1,,,0,2,Male,Actuarial Science & Applied Statistics,3.31 - 3.50,"Three, because that way I could offer one that appealed to a type HL, one that appealed to a type LH, and one as a fallback that could work for HH or LL.","I set the prices at the highest possible level where I could get HL's to buy one package, LH's to buy another package, and anybody else to buy the last one.","I tried to aim for high A and low B for one package, low A and high B for another package, and somewhere in the middle for the last one.",No.,"Yes.  It forced me to pick a strategy which would work for any type, instead of solely gouging the customer based on his or her type.",0,1.8,0,0,500,5,0,1,1,zpnfshc7,,,,,,0
3,cx0tp12x,,0,147,147,surveyBundling,1,thankYou,10.30.72.103,2017-11-29 21:35:07.886056+00:00,1,,,0,3,Male,Industrial Design,2.71 - 2.90,"Offered Four packages each round, balancing out the HH-HL-LH-LL variables for preference among the four packages.",Eyeball.,Eyeball the line.,Negative. Because that would eliminate all opportunity for me to earn points.,Yes- I tried to include in my selection of packages one package that would cater to each type of buyer's needs.,0,1.4,0,0,500,5,0,1,1,zpnfshc7,,,,,,0
4,jopdnhkf,,0,147,147,surveyBundling,1,thankYou,10.65.156.135,2017-11-29 21:35:45.209918+00:00,1,,,0,4,Male,Finance,3.51 - 3.70,2,Depending on overall profitability and risk-reward ratio.,"I created 2 packages, one favoring A and 1 favoring B, that way both my customers would have been satisfied covering 80% of the market","No, because they wouldnt benefit me in any manner.","Yes, I had to play the game safely rather than strategizing more aggressively.",0,1.8,0,0,500,5,0,1,1,zpnfshc7,,,,,,0
5,mj4ma87g,,0,147,147,surveyBundling,1,thankYou,10.69.218.111,2017-11-29 21:36:39.310672+00:00,1,,,0,5,Male,Civil engineering,0 - 2.70,"Two and three, if you're selling a product and gave the buyer fewer options, it seemed as though they had to choose one or the other no matter what.",The price was mostly determined by what yielded earnings over 100 points,"Each time there were two or three options, I tried to gear one toward HH and HL, one toward LH and LL, and one neutral option.",NO. Always best to at least make an offer at some point.,No because I tried to have options that appealed to each type of buyer during each trading period. ,0,2,0,0,500,5,0,1,1,zpnfshc7,,,,,,0
6,5se3yjm6,,0,147,147,surveyBundling,1,thankYou,10.71.219.155,2017-11-29 21:37:24.167897+00:00,1,,,0,6,Female,philosophy ,3.51 - 3.70,"I choose to put three out because I felt that it was better than only one, and two only gave room for limited approaches. ","I needed the three prices (usually) to be one ""safe"", this would include a package that would suit type-LL since this was the pickiest and I didn't want to get stuck getting no profit at all. The other two options include a high amount and a lower cost one.",I just looked at my data from each period and tried sticking around the same zone. ,"No, because there would be no profit and the whole point of a seller is to sell, and make money off their package. So if I did this, I would entirely limit my chances of profit. ","Yes, it made me always have an option for the more picky buyers such as type LL.",0,2,0,0,500,5,0,1,1,zpnfshc7,,,,,,0
7,1hyhvyd1,,0,147,147,surveyBundling,1,thankYou,10.239.93.100,2017-11-29 21:37:54.733031+00:00,1,,,0,7,Female,health science,3.71 - 3.90,four because i was trying to satisfy all types of buyers.,Tried to balance my earnings and each types of buyer's earnings,increasing quantity allows to increase the price. ,no,yes,0,1.8,0,0,500,5,0,1,1,zpnfshc7,,,,,,0
8,po3zgxtc,,0,147,147,surveyBundling,1,thankYou,10.97.205.125,2017-11-29 21:38:27.679835+00:00,1,,,0,8,Female,Accounting and Finance,3.51 - 3.70,Two because I tried to do a safe option and a crazy option for the HH type.,I priced things as high as possible without going negative on too many types of buyers.,I tried to see which quantities yielded me the most money and made buyers want to purchase.,No. I always tried to get a purchase to get points.,In the beginning it did. Then I did more risky moves.,0,2,0,0,500,5,0,1,1,zpnfshc7,,,,,,0
9,dsu8blgd,,0,147,147,surveyBundling,1,thankYou,10.31.243.9,2017-11-29 21:39:01.466252+00:00,1,,,0,9,Male,"Physics, Philosophy",3.11 - 3.30,"two, because offering any more packages will be redundant",I calculated maximum amount of points I can earn that will give a nonnegative point either HL or LH buyer and repeated it for all rounds,"greatest number at which the number of both product is equal is A=75, B=75, and from here I subtracted 2 to create a marginal distinction between the two.","No, because there was no apparent incentive to do so",Yes,0,1.8,0,0,500,5,0,1,1,zpnfshc7,,,,,,0
10,2iyruwv1,,0,147,147,surveyBundling,1,thankYou,10.69.140.229,2017-11-29 21:39:40.950263+00:00,1,,,0,10,Female,Electrical Engineering ,3.31 - 3.50,Offered 3 packages. because that gave the optimal result. ,By calculating the seller and buyer earnings. ,More of quantity A for HL and more of quantity B for LH ,No. ,Yes. ,0,1.8,0,0,500,5,0,1,1,zpnfshc7,,,,,,0
11,whk6gpv9,,0,147,147,surveyBundling,1,thankYou,10.30.19.49,2017-11-29 21:40:25.637173+00:00,1,,,0,11,Male,Management,2.91 - 3.10,Four and one ,Based upon many factors of how much i was planning to give out. ,I decided randomly.,"No, I actually always made a offer. there should of been a moment where i did not made a offer. ","No, i felt this affected what offer i was wanted to make. The buyer basically manuplated you and you could not know, basically its like being blindfolded and acrossing a road.",0,1.4,0,0,500,5,0,1,1,zpnfshc7,,,,,,0
12,m5n0gopo,,0,147,147,surveyBundling,1,thankYou,10.142.202.60,2017-11-29 21:41:29.257998+00:00,1,,,0,12,Male,Engineering,3.51 - 3.70,"2, The two packages I concluded with satisfied all 4 types while still providing me with a substantial profit",Guess and check,Guess and check,"No, all of my offers guaranteed economic value for all customers to guarantee I at least made some money",Yes,0,2,0,0,500,5,0,1,1,zpnfshc7,,,,,,0
13,g6x0tqbt,,0,147,147,surveyBundling,1,thankYou,10.51.168.219,2017-11-29 21:42:01.449724+00:00,1,,,0,13,Male,Mathematics,3.31 - 3.50,one,Expected value,maximize proffit,"no, ",no,0,1.6,0,0,500,5,0,1,1,zpnfshc7,,,,,,0
14,1xte7s93,,0,147,147,surveyBundling,1,thankYou,10.47.222.11,2017-11-29 21:42:34.967216+00:00,1,,,0,14,Male,Industrial Management,2.91 - 3.10,"Three, it seemed to offer the widest range of possibilities that would be attractive for the buyer without interfering with one another",What seemed like good earnings for the buyers,What matched the best for the price point and the earnings for the seller,"No, If there is an opportunity for a sale I should take it",Naturally,0,2,0,0,500,5,0,1,1,zpnfshc7,,,,,,0
1,3zcqjfzj,,0,147,147,surveyBundling,1,thankYou,10.45.212.57,2017-11-29 23:48:30.581255+00:00,1,,,0,1,Female,No,3.51 - 3.70,"I frequently offered three and four. As my number of packages increased, there was a better chance I would receive an offer. ","I looked for patterns and noticed that the most probable buyers were LH and HL. Because of this, I would often vary the prices between one and the other. ","I did my best to vary the quantities. If I started with a high range in one area, since there is a bigger chance that the buyer is LH or HL, I would give the other area a lower range. I randomly decided if I want both A and B products to be overall in a high or low range, but I still wanted to make sure that there was a significant gap between the two product prices. ","Yes, since there were 12 rounds, I assumed that at some point it would be beneficial to not make an offer. ","Yes, I had to be random but at the same time focus on the higher chances of the buyer being an LH or HL. ",0,1.4,0,0,500,5,0,1,1,ofdj2tpz,,,,,,0
2,a7bo0x3n,,0,147,147,surveyBundling,1,thankYou,10.111.223.252,2017-11-29 23:49:07.799967+00:00,1,,,0,2,Female,Health Sciences,3.31 - 3.50,Two because it was easy to discern what kind of buyer it was based off two tries.,I added the quantity of products up and estimated the prices to be a little higher than the total number of products.,"For product A, I usually kept it around 50-75. And then from there I played around with product B and the pricing to see what would maximize my chances of earning profit.",No because it is randomly chosen which periods we make money off of so if I made zero points and that one was chosen I wouldn't make any money for that period.,Not really I was just playing around with the calculator and the numbers that came up.,0,2,0,0,500,5,0,1,1,ofdj2tpz,,,,,,0
3,c4fagsst,,0,147,147,surveyBundling,1,thankYou,10.93.232.18,2017-11-29 23:49:46.629739+00:00,1,,,0,3,Female,Veterinary Medicine,3.71 - 3.90,"1 - I wanted to maximize the amount I could earn, and by offering only one package that every buyer would buy, I made sure I would make money.",I played around with the numbers a little bit (the calculator provided) to determine how I could maximize my earnings without the buyer rejecting offers.,I played around with the numbers a little bit (the calculator provided) to determine how I could maximize my earnings without the buyer rejecting offers.,"No, I wanted to safely earn money.","Yes.  If I would have known their type, I would have been able to maximize the deal for me with still making them buy the package.",0,2,0,0,500,5,0,1,1,ofdj2tpz,,,,,,0
4,h7km42a3,,0,147,147,surveyBundling,1,thankYou,10.179.55.98,2017-11-29 23:50:27.955508+00:00,1,,,0,4,Female,Fisheries and Aquatic Sciences,3.51 - 3.70,"I originally picked three packages and then changed it to one package. I picked three at first in order to make sure all of the different types of buyers had options to buy from, then I saw that all buyers were buying from my first package which I had originally made for only HH and LL. I then changed to one package because buyers only bought that one package. ",I decided on my prices based on if all of the buyers gained from it and if I gained from it. ,"I originally started slowly raising the quantity of each product along with the price of the package and made sure that the buyers were still earning from it. Once the amount me or the buyers were earning went down, I decreased the price again. ","No, I made an offer every time. There's more of a chance to get points if you try every time then if you don't. ",Yes. If I had known the buyers type I would have changed the packages depending on what they would have chosen and gained from and what I would have gained. ,0,2,0,0,500,5,0,1,1,ofdj2tpz,,,,,,0
5,t4mblbd9,,0,147,147,surveyBundling,1,thankYou,10.138.159.93,2017-11-29 23:51:31.174433+00:00,1,,,0,5,Female,Economics,3.31 - 3.50,"four, I wanted to try new combinations every time ",I chose a safe price that was almost always constant and then with the other combinations I kept increasing or decreasing the prices depending of if or if not the buyer had bought it the previous time.,I decided the quantities based on the earnings that I would make,No,yes,0,1.8,0,0,500,5,0,1,1,ofdj2tpz,,,,,,0
6,4re32l4l,,0,147,147,surveyBundling,1,thankYou,10.136.64.115,2017-11-29 23:52:02.416806+00:00,1,,,0,6,Male,Actuarial Science,3.71 - 3.90,"1 because it restricted their ability to choose to their benefit, thus losing me money. Only allowing one package restricted their ability to make a choice. Even if they only slightly benefited they would buy it.","Essentially using trial and error. I specified the quantity, and then adjusted the price to increase my profit. I allowed the LL group to go negative because there was only a 10 percent chance that it would be chosen and the profit that I would earn was worth the risk. I did not want to choose a price that would make the LH or HL group go negative because of the high percentage. Thus I settled on a price of 227 with quantities of 75 and 95 for A and B respectively.","Again, I used trial and error with the calculator. I saw that maximizing product A would increase my profits vastly. After that I tried multiple combinations of quantity B and price.",No because then you automatically gain 0.,"Yes. If I would've know the type I would have adjusted my quantities and price to maximize my profits based on that. The fact that I didn't know forced me to make some choices. I accepted the risk of allowing LL to go negative in order to increase my profit. I figured that I would get 197 90% of the time and 0 the other 10%. With only 4 trials being chosen I thought that this was a very good strategy. In the end, 10/11 trials made me 197, whereas 1 trial I received 0. It was just a bunch of trial and error and thinking about how much risk you wanted to take. I accepted a little risk with pretty high returns. I could've gambled and taken a 50-50 chance of making money, but I am not a gambling man and wanted to make sure I came out with some money.",0,2,0,0,500,5,0,1,1,ofdj2tpz,,,,,,0
7,wgnhndlj,,0,147,147,surveyBundling,1,thankYou,10.16.184.59,2017-11-29 23:52:49.369208+00:00,1,,,0,7,Male,Materials Engineering,3.51 - 3.70,"One, if you can risk not having one of your packages purchased ~10% of the time, then you can make a single package which will maximize profits.  That, and I did not want to spend the effort figuring out a way to maximize earnings between HL and LH (it's been a long day).",I found the price that maximized earnings at the given output.,"I found the outputs that would allow me to have LH and HL both have the same minimum profits, thus maximizing my earnings from them.",No,"To some extent, yes, knowing that there is a ~43% chance that I get 1/4 the earnings that I would otherwise factored into me choosing to maximize my earnings by ~40 points per round.  Had I not, then I would be guaranteed payment.  After I completed the experiment, I did the calculation, and found that even with possibly missing 1/4 of the payments, not factoring in the LL possibility could potentially lose me 30 points.  Therefore, knowing what I know now, I would do the same since a 57% chance of earning an extra 160 points outweighs the chance of earning 30 less.",0,2,0,0,500,5,0,1,1,ofdj2tpz,,,,,,0
8,4iekwf9h,,0,147,147,surveyBundling,1,thankYou,10.97.205.125,2017-11-29 23:53:20.646021+00:00,1,,,0,8,Male,Movement and Sport Sciences,3.11 - 3.30,I offered two packages more frequently. I went with one that I thought would give a fair selling price for the total period earnings and then used another to see how much I could possibly get. I used two packages because it was easier to work with and possibly gain a better total earnings period.,"I was trying to find what price will make most of the buyers earnings in the positive as well as what will help me to have the highest total period earning. Towards the end, I randomly picked numbers and attempted to make sure that the buyers earnings were positive. ","At times, I chose random numbers to help me to figure out what would either hinder or assist how many points I would obtain for that specific period. At times, I chose random products to see what the outcome could possibly be. ",I never decided to not make an offer. I did this because it wouldn't help me with my total points and both the buyer and seller would receive zero points.,"Yes, it did affect my strategies. I tried to aim for the HL and LH buyers because out of those, approximately 80% of the buyers would be these types of buyers. If the HL and LH earnings were not negative, I wasn't too concerned on if the HH and LL buyers were negative because the probability of those types were more slim than the other two. ",0,1.6,0,0,500,5,0,1,1,ofdj2tpz,,,,,,0
9,c3opvc7n,,0,147,147,surveyBundling,1,thankYou,10.99.215.95,2017-11-29 23:54:02.300835+00:00,1,,,0,9,Male,Health and Kinesiology,3.51 - 3.70,"Two, because I based my prices off of HL and LH type since they were the most likely buyer in every trading period.",I manipulated the equations provided on the instruction sheet to figure out which prices were best suited to the seller.,"Again, I manipulated the equations and used some plugging in and reworking the economic equations.","No, I felt like that would have been against my financial benefit to not make an offer because I would get zero for that trading period. I figured I might as well make an offer and get rejected so I get zero that way than just willingly take a zero. ","Yes, I tried to make the most neutral packages possible so every buyer type would buy mine. ",0,1.8,0,0,500,5,0,1,1,ofdj2tpz,,,,,,0
10,l6rgrivx,,0,147,147,surveyBundling,1,thankYou,10.69.83.34,2017-11-29 23:54:38.987672+00:00,1,,,0,10,Female,Movement and Sport Sciences,3.71 - 3.90,Two. I offered two packages more frequently because it required less calculations for me. And it was less options for the buyer to choose from. ,I tried to choose prices that made me the most money. ,"I tried to pick quantities that lead to buyers having earnings, but also made me earn money to. ",No. If I didn't make an offer. I would have no chance at making money. ,I just hoped for the best. Didn't always work out too well for me though. ,0,2,0,0,500,5,0,1,1,ofdj2tpz,,,,,,0
11,jr5bll5s,,0,147,147,surveyBundling,1,thankYou,10.230.69.39,2017-11-29 23:55:32.188897+00:00,1,,,0,11,Female,Public Health,3.11 - 3.30,"Two. I felt that when I gave them at least two options with a variety of product amount to choose from, they were more likely to purchase.","I observed trends in the practice round to see which quantities and prices were most favored among buyers. Once I noticed a possible trend, I always made sure I stuck a price in that range as well as a price that presented high earnings for everyone. ","I observed trends during the practice round by selecting various quantities. Once a trend was noticed, I stuck between that range in at least one of my packages. ","No, I felt that by at least providing two packages I was bound to get one offer. Did not want to risk getting zero points, so I always made an offer. ","Yes, I tried to pick quantities and prices that would benefit all buyers equally. ",0,2,0,0,500,5,0,1,1,ofdj2tpz,,,,,,0
12,1kzi0x41,,0,147,147,surveyBundling,1,thankYou,10.63.101.233,2017-11-29 23:56:09.020956+00:00,1,,,0,12,Female,Veterinary Medicine,2.71 - 2.90,1,What profited me the most while not offering a negative for the buyer unless they were type LL,What gave me the most profit while not offering a trade worth negative to the buyer unless they were type LL,"No, there is no way for me to earn money if I don't make an offer so why would I ever do that, it just hurts me","Some, If I knew their type I could use the combination that gave me the most money and would still benefit that one type instead of trying to satisfy all types for a trade",0,2,0,0,500,5,0,1,1,ofdj2tpz,,,,,,0
13,7x8dzhtt,,0,147,147,surveyBundling,1,thankYou,10.138.202.154,2017-11-29 23:56:48.427320+00:00,1,,,0,13,Male,MECHANICAL ENGINEERING,3.91 - 4.00,"Three.  I used the calculator to try maxing out my profit for a HH, HL, and LH buyer.  I decided that the decrease in overall profit from the other packages was not worth it considering the LL buyer only had a 10% chance of occurring.  That is why I did not offer a LL package.","I used the calculator to try maximizing my profit for HH, HL, and LH.  Each in their own separate packages.","I used the calculator to try maximizing my profit for HH, HL, and LH.  To start, I would set a certain value for A and B and increase or decrease, trying to max my profit for each group.","yes, I decided not to offer a LL package.  This is because the decrease in overall profit from the other packages was not worth it considering the LL buyer only had a 10% chance of occurring.  That is why I did not offer a LL package.","Not exactly.  We were given the probability of each buyer type occurring.  I decided that since the LL buyer had a 10% chance of occurring, I would just not offer a package tailored  towards them in hopes that I would make up the loss with higher profit packages tailored towards HH, HL, and LH.",0,2,0,0,500,5,0,1,1,ofdj2tpz,,,,,,0
14,xtheg03g,,0,147,147,surveyBundling,1,thankYou,10.186.84.12,2017-11-29 23:57:17.117807+00:00,1,,,0,14,Male,Chemistry,Prefer not to disclose,Four,Calculated favourable packages for the buyer that had large values for me,Higher quantities could generally make more value with higher prices,No because even if the buyer did not buy a package the outcome was zero just as if I had not made an offer,"I had one round I assume the buyer was LL as I did not sell the package; I then realised I would likely have to either sell packages cheaper to have a possibility of an LL buyer purchase them, so I took the risk that I would lose out on a round if they were LL",0,2,0,0,500,5,0,1,1,ofdj2tpz,,,,,,0
1,4nkjvz7i,,0,0,147,,,,,,0,,,0,1,,,,,,,,,,,,,,,0,1,1,qhmqy1jm,,,,,,1
1,5jm8246l,,0,147,147,surveyBundling,1,thankYou,10.95.231.223,2017-11-30 13:51:29.051040+00:00,1,,,0,1,Female,Communications,2.91 - 3.10,one - less time consuming,how I could earn money without too much risk,same as deciding price,no,"Yes, I always assumed they would be either LH or HL",0,1.8,0,0,500,5,0,1,1,s100cw5b,,,,,,0
2,du0wn1jp,,0,147,147,surveyBundling,1,thankYou,10.239.224.242,2017-11-30 13:51:57.889779+00:00,1,,,0,2,Female,athletic training ,3.51 - 3.70,I offered only one package more frequently because I wanted them to purchase that package so they didn't have the option to get another one.,I tried to get the most points that I could with still having them want to buy the product so I gambled that they wouldn't be in the LL group and maximized my prices from there. ,I tried to maximize the amount of points that i would get. ,I did on accident but I wish I could have went back because I wanted to make an offer for all of them. ,"Yes, I tried not to make any of their profit besides the LL type in the negative category so they had more of a chance to buy it. ",0,2,0,0,500,5,0,1,1,s100cw5b,,,,,,0
3,f0h32nfh,,0,147,147,surveyBundling,1,thankYou,10.146.184.60,2017-11-30 13:52:29.740316+00:00,1,,,0,3,Female,Animal Sciences,3.91 - 4.00,"3- that is what I did in the training rounds, I didnt want to mess with 4 so that seemed like a good number",by plugging them in to see what gave me the most profit while also keeping the buying happy with decent profit,plugged into the calculator during the training rounds and continued to increase and see what worked in the real rounds,"no, that seems like just a loss of money if you don't even give the buyer anything to consider purchasing because they bought every time","not really, I tried to offer a different package for each type of buyer",0,1.8,0,0,500,5,0,1,1,s100cw5b,,,,,,0
4,kcbb8n72,,0,147,147,surveyBundling,1,thankYou,10.69.140.229,2017-11-30 13:53:07.131842+00:00,1,,,0,4,Female,skip,3.31 - 3.50,"3, to try to capture different preferences",I tried to maximize profit and balance preferences,maximize profit,"no, i wanted to earn points","yes, it caused me to offer more packages",0,1.8,0,0,500,5,0,1,1,s100cw5b,,,,,,0
5,fziuesq2,,0,147,147,surveyBundling,1,thankYou,10.113.130.220,2017-11-30 13:53:37.719568+00:00,1,,,0,5,Female,Nutrition Science,3.91 - 4.00,"One, because it felt like the ""safest"" choice. I was not very familiar with the software, so I wanted to chose an option that would guarantee me a solid amount of points.","I set the prices in relation to the calculated benefit for both the seller and the buyer, making sure that the buyers benefit was always greater than or equal to zero. ","I decided on the quantity of each product in relation to the price, so that there would be optimal seller benefit as well as buyer benefit greater than or equal to zero.","I always made offer, to gain more points.","Yes, since I did not know the buyer's type, I always went with a set of ""safe"" quantities and prices that ensuring i would receive a decent amount of point, and that was something all the buyers would chose to purchase. If I knew the buyers type, I would have went to more ""extremes"" on the variation between quantities of A and B in order to receive more benefits. ",0,1.8,0,0,500,5,0,1,1,s100cw5b,,,,,,0
6,676lcsmp,,0,147,147,surveyBundling,1,thankYou,10.111.223.252,2017-11-30 13:55:41.138238+00:00,1,,,0,6,Male,Exploratory Studies,Prefer not to disclose,"I offered one package most frequently because I knew, if the earnings for each buyer were positive, that the package would 100% sell.","I experimented with different prices until I reached a high level of earnings for myself, while keeping the earnings of the buyers positive.","I experimented with different quantities until I reached a high level of earnings for myself, while keeping the earnings of the buyers positive.","No, I did not ever decide to not make an offer because I knew it was possible in every trading period to make some amount of earnings. I would rather receive earnings than not.","It only affected my strategy when choosing multiple packages at once. I needed to change the price and quantity for each package, accordingly, to make sure each buyer received a positive profit among the packages. That is when I had to pay attention to probability.",0,2,0,0,500,5,0,1,1,s100cw5b,,,,,,0
7,j2rtlfbk,,0,147,147,surveyBundling,1,thankYou,10.95.221.81,2017-11-30 13:56:10.520011+00:00,1,,,0,7,Male,Biomedical Engineering,3.91 - 4.00,One package. I found out what maximized my gain while keeping HL and LH (the most likely choices) barely greater than zero. HH would always be above them so I figured having a 90% chance that my package was purchased every time while maximizing my profit mitigated my risk because of the randomness of the payout at the end. No need to offer more than one package when I know the outcome and it cannot get better for better odds.,"I played around in the training periods to figure out first what maximized LL to make sure I always got points. That was around A-126, B-123, P-223 which made me 160.99 points a round. Then I realized that there was only a 10% chance of having an LL and much more profit to gain from the other 90%. So I kept increasing prices and quantities to see where my max cutoff of points was and it occurred at A-130, B-130, P-285 which made me 217.4 points. I decided to play the odds because only 11 rounds means about 1 LL buyer on average. Through the 11 rounds there was 1 LL buyer so I made 217.4 on 10 rounds hoping that 1 zero point round will not be in the random choosing. Increasing price or quantity anymore seemed to lower my profit so I kept the same package each round. I could have kept trying values, but this combination seemed to be a good max.","I played around in the training periods to figure out first what maximized LL to make sure I always got points. That was around A-126, B-123, P-223 which made me 160.99 points a round. Then I realized that there was only a 10% chance of having an LL and much more profit to gain from the other 90%. So I kept increasing prices and quantities to see where my max cutoff of points was and it occurred at A-130, B-130, P-285 which made me 217.4 points. I decided to play the odds because only 11 rounds means about 1 LL buyer on average. Through the 11 rounds there was 1 LL buyer so I made 217.4 on 10 rounds hoping that 1 zero point round will not be in the random choosing. Increasing price or quantity anymore seemed to lower my profit so I kept the same package each round. I could have kept trying values, but this combination seemed to be a good max.","Nope, no point in not attempting to earn points every round","Yes of course. Not knowing what they want made me account for all types. If I knew what type I could've offered a package to maximize profit with that specific type, but because I did not know it forced me to maximize profit with a majority of the buyer options because the payoff was much higher than that of maximizing for all the buyer options (217.4 vs 160.99 explained above). Risking more would have no doubt yielded less profit.",0,2,0,0,500,5,0,1,1,s100cw5b,,,,,,0
8,5g9xdqee,,0,147,147,surveyBundling,1,thankYou,10.166.173.42,2017-11-30 13:57:03.918499+00:00,1,,,0,8,Female,finance,3.11 - 3.30,2,Try to minimize buyer's profits but not let them loss money. So I will give them as just above 0.,"I want to make the combination of HH with LH  or HH with HL, and try to give up LL because it earns too less.","No, if I did't offer anything, I also gain nothing. ","Yes, so I have to make two or more packages to maximum to profit or I can just make only one.",0,1.8,0,0,500,5,0,1,1,s100cw5b,,,,,,0
9,ytnhyia9,,0,147,147,surveyBundling,1,thankYou,10.61.177.147,2017-11-30 13:57:36.818994+00:00,1,,,0,9,Male,Electrical Engineering,3.71 - 3.90,"1, because it was guaranteed to sell and seemed to be a maximum for those that I calculated would sell to any buyer",Maximum price so that the package would be bought for all buyers. Started selling at max price and decreased to meet what would sell,Started selling at max quantity ant decreased with price until seller payoff started decreasing again,No. Because I was guaranteed a payoff on every offer,Yes. I would have been more aggressive if I knew that I had an HH buyer for example.,0,2,0,0,500,5,0,1,1,s100cw5b,,,,,,0
10,dcdtvszm,,0,147,147,surveyBundling,1,thankYou,10.45.177.243,2017-11-30 13:58:12.628503+00:00,1,,,0,10,Male,IET,3.71 - 3.90,2,Found a nice 140+ points profit combination and stuck to it with the 10% chance of losing to LL buyer,Found a nice 140+ points profit combination and stuck to it with the 10% chance of losing to LL buyer,No,Yes,0,2,0,0,500,5,0,1,1,s100cw5b,,,,,,0
11,8iol7xzy,,0,147,147,surveyBundling,1,thankYou,10.102.227.225,2017-11-30 13:58:52.835853+00:00,1,,,0,11,Male,ENGINEERING,3.91 - 4.00,2 - gave a 90% chance of returning a $219.14 earnings  (unlucky- missed 3/11 times),"Used Lagrange multipliers method with  constraint: 0 = 15x^.5 + 10 y^.5 - z  and function to maximize: f(x, y, z) = z - x^2/500 - y^2/500  to solve (x, y, z)=(152.06, 116.04, 292.69) for HL buyer",see above,no- the above formula guaranteed the earnings will never go negative,"Yes- I gave 2 packages all 11 trials with (qA, qB, price) = (117, 152, 293) and (152, 117, 293).  LL buyers will never buy it, but all other buyers will.  There is a 10% chance that this will return 0, but there is an average return of .9(219.41)=197.47 points each round.",0,1.8,0,0,500,5,0,1,1,s100cw5b,,,,,,0
12,1eu78x78,,0,147,147,surveyBundling,1,thankYou,10.69.140.229,2017-11-30 13:59:33.564856+00:00,1,,,0,12,Male,Economics,Prefer not to disclose,two,"Using calculator, I tried various quantity and price options such that no matter the type of the consumer, there would always be a purchase and i would always make positive profits. Using this, I settled on a dominant strategy in the training phase that would guarantee the highest profit possible constrained by the fact that there would always be a trade.","Using calculator, I tried various quantity and price options such that no matter the type of the consumer, there would always be a purchase and i would always make positive profits. Using this, I settled on a dominant strategy in the training phase that would guarantee the highest profit possible constrained by the fact that there would always be a trade.",No. My strategy would always guarantee me positive profit irrespective of the type of buyer.,"Yes. So I chose a strategy that would work irrespective of the buyers type. This may have reduce my potential profits, but but I maximized my expected payoff.",0,2,0,0,500,5,0,1,1,s100cw5b,,,,,,0
13,rybmpndz,,0,1,147,bundlingQuizNegative,1,introduction,10.63.233.135,2017-11-30 14:00:12.772992+00:00,1,,,0,13,,,,,,,,,,,,,,,0,1,1,s100cw5b,,,,,,0
14,h6mogksg,,0,1,147,bundlingQuizNegative,1,introduction,10.140.180.57,2017-11-30 14:00:47.147857+00:00,1,,,0,14,,,,,,,,,,,,,,,0,1,1,s100cw5b,,,,,,0
1,jw5dgz5c,,0,147,147,surveyBundling,1,thankYou,10.166.173.42,2017-11-30 16:02:05.585239+00:00,1,,,0,1,Female,Environmental Science,2.71 - 2.90,Two. I found a two package sequence that made $200 in profit every time I used it. ,Whatever maximized profit.,Whatever maximized profit and the number of buyers I could reach. ,"No, it's smarter to try than to accept 0.","Not really, I pretty much ignored the LL type and catered my packages to the other 90%.",0,2,0,0,500,5,0,1,1,qosqb9v8,,,,,,0
2,68jwfrpr,,0,147,147,surveyBundling,1,thankYou,10.79.214.101,2017-11-30 16:02:39.664898+00:00,1,,,0,2,Male,computer science,Prefer not to disclose,"Two, I did this so I had a good package that the first three buyers would buy for high profit for me and them. Then the second package was just in case the buyer was LL. I made this package so it would have just enough profit for them to buy and give me some profit but not enough that this package would seem more valuable to the other buyers.","I decided my prices by finding a good medium where I was making a lot of profit, but at the same time I had to make it worthwhile for the buyers to still buy.",I tried to offer a high quantity each time because this tended to be the most valuable for the buyer and the seller. I offered a low quantity only for the offer to LL buyers as I didn't want to make this package too appealing.,I did once because I thought I could create four packages each catering to one of the buyers but I was unable to find a good price and quantity to cater to each individual buyer and still make me good profit.,"Yes, this caused me to make a fail safe offer in case the buyer ended up being LL.",0,2,0,0,500,5,0,1,1,qosqb9v8,,,,,,0
3,j9x95tm7,,0,147,147,surveyBundling,1,thankYou,10.171.142.94,2017-11-30 16:03:07.727499+00:00,1,,,0,3,Female,management,Prefer not to disclose,"one, for the buyer tend to only purchase one package no matter how many the seller offers",I used the calculator to see the possible earning and buyer's earning.,the amount that the seller can gain the most profit while the buyers are still willing to purchase.,"No, because I want to maximize the profit, and not making an offer will result in having zero profit.",Yes.,0,1.4,0,0,500,5,0,1,1,qosqb9v8,,,,,,0
4,u6g9d2lt,,0,147,147,surveyBundling,1,thankYou,10.183.33.232,2017-11-30 16:03:44.485883+00:00,1,,,0,4,Female,Public Health,3.11 - 3.30,3 because it produced more success with the buyer picking a package,get the buyer close to 0,get the buyer close to 0,no because that lessen getting earnings,no,0,1.6,0,0,500,5,0,1,1,qosqb9v8,,,,,,0
5,uv5cis7l,,0,147,147,surveyBundling,1,thankYou,10.137.126.90,2017-11-30 16:04:25.171996+00:00,1,,,0,5,Female,Hospitality and Tourism Management ,3.51 - 3.70,"I most often offered two packages because it seemed to be the quickest, easiest and I earned the most consistent amount of money. ",I always made one column higher than the other and then made the other offer the opposite of it. ,I selected a different number each period but always picked a number between like 40 and 150.,No. I would earn no money and I would rather try to earn money and make none rather than never earn money. ,"Yes. For most of my packages, I made them so that they would fit an HL or LH type buyer. ",0,1.8,0,0,500,5,0,1,1,qosqb9v8,,,,,,0
6,6wgd6bru,,0,147,147,surveyBundling,1,thankYou,10.171.142.94,2017-11-30 16:04:56.687463+00:00,1,,,0,6,Female,Economics,3.51 - 3.70,three,Tried to balance sellers earnings with buyers,Tried to balance sellers earnings with buyers,No. Anything would be better than 0,Not really,0,2,0,0,500,5,0,1,1,qosqb9v8,,,,,,0
7,z3txop5d,,0,1,147,capQuiz,1,introduction,10.148.77.83,2017-11-30 16:05:28.417340+00:00,1,,,0,7,,,,,,,,,,,,,,,0,1,1,qosqb9v8,,,,,,0
8,qygvbohl,,0,147,147,surveyBundling,1,thankYou,10.142.202.60,2017-11-30 16:06:02.179730+00:00,1,,,0,8,Male,Engineering,3.11 - 3.30,one,Experimentation starting with the highest possible price,experimentation with starting with the lowest quantity that yields a positive buyer profit,no,Yes,0,2,0,0,500,5,0,1,1,qosqb9v8,,,,,,0
9,1s0ylvq4,,0,147,147,surveyBundling,1,thankYou,10.30.19.49,2017-11-30 16:06:36.465997+00:00,1,,,0,9,Male,Computer Science,3.11 - 3.30,2,Most profit for seller,just tried different numbers,To make money,Yes,0,2,0,0,500,5,0,1,1,qosqb9v8,,,,,,0
10,ig6zyuhk,,0,147,147,surveyBundling,1,thankYou,10.142.202.60,2017-11-30 16:07:10.388519+00:00,1,,,0,10,Male,Management ,2.91 - 3.10,one,"I started risky, then moved to conservative",which ones I was guaranteed  payout,no,"Yes, If i knew I would maximize my payout every time ",0,1.6,0,0,500,5,0,1,1,qosqb9v8,,,,,,0
11,g7olsww0,,0,147,147,surveyBundling,1,thankYou,10.142.202.60,2017-11-30 16:07:45.706310+00:00,1,,,0,11,Female,biological engineering,2.91 - 3.10,"4 and 2, but then moved towards to one since I realized that in the end I just want to max my earning while limit choices",the highest amount of earning I can get while people will still buy it,mostly depended on the money I will get ,"some were misclicks when I offered for example 4 but only put in 2, but then realized it was easier to make one price","yes. for me I just tried to make sure that HL, and LH are relatively low for their earnings while I max my earnings. There were times that I decided to bet LL negative since that is only a 10% chance and that sometimes fired back",0,2,0,0,500,5,0,1,1,qosqb9v8,,,,,,0
12,h37s7b6o,,0,147,147,surveyBundling,1,thankYou,10.97.205.125,2017-11-30 16:08:17.469151+00:00,1,,,0,12,Female,Environmental Science,3.11 - 3.30,"3, it gave me more leeway",By what gave me earnings and most of the buyers earnings,I just randomly picked numbers,no,yes ,0,1.8,0,0,500,5,0,1,1,qosqb9v8,,,,,,0
13,skh4hr6i,,0,147,147,surveyBundling,1,thankYou,10.164.117.92,2017-11-30 16:08:58.341193+00:00,1,,,0,13,Female,Agricultural Economics,3.91 - 4.00,Four. I think that will give me more chance to sell the product,I choose the highest price possible that is beneficial for the seller and might be 90% of the buyer type (except for LL which accounts for only 10% of the buyer) ,I choose high quantity of each products because I believe that can bring back more profit if being sold,"No. Because if I don't offer anything, I get no money for sure. If I offer something, I can get no money or some money. Making an offer gives me higher chance to earn money. ",It does.,0,1.8,0,0,500,5,0,1,1,qosqb9v8,,,,,,0
14,xw54f0uo,,0,1,147,capQuiz,1,introduction,10.164.117.92,2017-11-30 16:09:37.948532+00:00,1,,,0,14,,,,,,,,,,,,,,,0,1,1,qosqb9v8,,,,,,0
