session_id,participant__id_in_session,participant__code,page_index,app_name,page_name,time_stamp,seconds_on_page,subsession_pk,auto_submitted
1,1,wl4d559x,1,preQuiz,MyPage,1541019794,2305,1,True
1,1,wl4d559x,2,preQuiz,Questions,1541020566,772,1,False
1,1,wl4d559x,3,preQuiz,Answers,1541020584,18,1,False
1,1,wl4d559x,4,mnDistorted,efficientStart,1541020592,8,1,False
1,1,wl4d559x,5,mnDistorted,Decisions,1541020951,359,1,False
1,1,wl4d559x,6,mnDistorted,Filler,1541020953,2,1,False
1,1,wl4d559x,7,mnDistorted,Results,1541020966,13,1,False
1,1,wl4d559x,9,mnDistorted,Decisions,1541021029,63,2,False
1,1,wl4d559x,10,mnDistorted,Filler,1541021031,2,2,False
1,1,wl4d559x,11,mnDistorted,Results,1541021034,3,2,False
1,1,wl4d559x,13,mnDistorted,Decisions,1541021148,114,3,False
1,1,wl4d559x,14,mnDistorted,Filler,1541021149,1,3,False
1,1,wl4d559x,15,mnDistorted,Results,1541021154,5,3,False
1,1,wl4d559x,17,mnDistorted,Decisions,1541021354,200,4,False
1,1,wl4d559x,18,mnDistorted,Filler,1541021355,1,4,False
1,1,wl4d559x,19,mnDistorted,Results,1541021364,9,4,False
1,1,wl4d559x,21,mnDistorted,Decisions,1541021411,47,5,False
1,1,wl4d559x,22,mnDistorted,Filler,1541021413,2,5,False
1,1,wl4d559x,23,mnDistorted,Results,1541021418,5,5,False
1,1,wl4d559x,25,mnDistorted,Decisions,1541021501,83,6,False
1,1,wl4d559x,26,mnDistorted,Filler,1541021503,2,6,False
1,1,wl4d559x,27,mnDistorted,Results,1541021516,13,6,False
1,1,wl4d559x,29,mnDistorted,Decisions,1541021655,139,7,False
1,1,wl4d559x,30,mnDistorted,Filler,1541021656,1,7,False
1,1,wl4d559x,31,mnDistorted,Results,1541021663,7,7,False
1,1,wl4d559x,33,mnDistorted,Decisions,1541021728,65,8,False
1,1,wl4d559x,34,mnDistorted,Filler,1541021729,1,8,False
1,1,wl4d559x,35,mnDistorted,Results,1541021731,2,8,False
1,1,wl4d559x,37,mnDistorted,Decisions,1541021802,71,9,False
1,1,wl4d559x,38,mnDistorted,Filler,1541021804,2,9,False
1,1,wl4d559x,39,mnDistorted,Results,1541021808,4,9,False
1,1,wl4d559x,41,mnDistorted,Decisions,1541021894,86,10,False
1,1,wl4d559x,42,mnDistorted,Filler,1541021895,1,10,False
1,1,wl4d559x,43,mnDistorted,Results,1541021898,3,10,False
1,1,wl4d559x,45,mnDistorted,Decisions,1541021938,40,11,False
1,1,wl4d559x,46,mnDistorted,Filler,1541021940,2,11,False
1,1,wl4d559x,47,mnDistorted,Results,1541021942,2,11,False
1,1,wl4d559x,49,mnDistorted,Decisions,1541022003,61,12,False
1,1,wl4d559x,50,mnDistorted,Filler,1541022004,1,12,False
1,1,wl4d559x,51,mnDistorted,Results,1541022010,6,12,False
1,1,wl4d559x,53,mnDistorted,Decisions,1541022046,36,13,False
1,1,wl4d559x,54,mnDistorted,Filler,1541022048,2,13,False
1,1,wl4d559x,55,mnDistorted,Results,1541022050,2,13,False
1,1,wl4d559x,57,mnDistorted,Decisions,1541022080,30,14,False
1,1,wl4d559x,58,mnDistorted,Filler,1541022081,1,14,False
1,1,wl4d559x,59,mnDistorted,Results,1541022083,2,14,False
1,1,wl4d559x,61,mnDistorted,Decisions,1541022106,23,15,False
1,1,wl4d559x,62,mnDistorted,Filler,1541022107,1,15,False
1,1,wl4d559x,63,mnDistorted,Results,1541022109,2,15,False
1,1,wl4d559x,65,mnDistorted,Decisions,1541022124,15,16,False
1,1,wl4d559x,66,mnDistorted,Filler,1541022125,1,16,False
1,1,wl4d559x,67,mnDistorted,Results,1541022127,2,16,False
1,1,wl4d559x,68,mnEfficient,efficientStart,1541022129,2,1,False
1,1,wl4d559x,69,mnEfficient,Decisions,1541022155,26,1,False
1,1,wl4d559x,70,mnEfficient,Filler,1541022156,1,1,False
1,1,wl4d559x,71,mnEfficient,Results,1541022158,2,1,False
1,1,wl4d559x,73,mnEfficient,Decisions,1541022176,18,2,False
1,1,wl4d559x,74,mnEfficient,Filler,1541022177,1,2,False
1,1,wl4d559x,75,mnEfficient,Results,1541022179,2,2,False
1,1,wl4d559x,77,mnEfficient,Decisions,1541022193,14,3,False
1,1,wl4d559x,78,mnEfficient,Filler,1541022195,2,3,False
1,1,wl4d559x,79,mnEfficient,Results,1541022197,2,3,False
1,1,wl4d559x,81,mnEfficient,Decisions,1541022242,45,4,False
1,1,wl4d559x,82,mnEfficient,Filler,1541022243,1,4,False
1,1,wl4d559x,83,mnEfficient,Results,1541022244,1,4,False
1,1,wl4d559x,85,mnEfficient,Decisions,1541022316,72,5,False
1,1,wl4d559x,86,mnEfficient,Filler,1541022317,1,5,False
1,1,wl4d559x,87,mnEfficient,Results,1541022318,1,5,False
1,1,wl4d559x,89,mnEfficient,Decisions,1541022351,33,6,False
1,1,wl4d559x,90,mnEfficient,Filler,1541022352,1,6,False
1,1,wl4d559x,91,mnEfficient,Results,1541022354,2,6,False
1,1,wl4d559x,93,mnEfficient,Decisions,1541022363,9,7,False
1,1,wl4d559x,94,mnEfficient,Filler,1541022364,1,7,False
1,1,wl4d559x,95,mnEfficient,Results,1541022367,3,7,False
1,1,wl4d559x,97,mnEfficient,Decisions,1541022383,16,8,False
1,1,wl4d559x,98,mnEfficient,Filler,1541022384,1,8,False
1,1,wl4d559x,99,mnEfficient,Results,1541022386,2,8,False
1,1,wl4d559x,101,mnEfficient,Decisions,1541022399,13,9,False
1,1,wl4d559x,102,mnEfficient,Filler,1541022401,2,9,False
1,1,wl4d559x,103,mnEfficient,Results,1541022402,1,9,False
1,1,wl4d559x,105,mnEfficient,Decisions,1541022420,18,10,False
1,1,wl4d559x,106,mnEfficient,Filler,1541022421,1,10,False
1,1,wl4d559x,107,mnEfficient,Results,1541022423,2,10,False
1,1,wl4d559x,109,mnEfficient,Decisions,1541022436,13,11,False
1,1,wl4d559x,110,mnEfficient,Filler,1541022437,1,11,False
1,1,wl4d559x,111,mnEfficient,Results,1541022439,2,11,False
1,1,wl4d559x,113,mnEfficient,Decisions,1541022451,12,12,False
1,1,wl4d559x,114,mnEfficient,Filler,1541022452,1,12,False
1,1,wl4d559x,115,mnEfficient,Results,1541022457,5,12,False
1,1,wl4d559x,117,mnEfficient,Decisions,1541022473,16,13,False
1,1,wl4d559x,118,mnEfficient,Filler,1541022474,1,13,False
1,1,wl4d559x,119,mnEfficient,Results,1541022475,1,13,False
1,1,wl4d559x,121,mnEfficient,Decisions,1541022484,9,14,False
1,1,wl4d559x,122,mnEfficient,Filler,1541022486,2,14,False
1,1,wl4d559x,123,mnEfficient,Results,1541022487,1,14,False
1,1,wl4d559x,125,mnEfficient,Decisions,1541022508,21,15,False
1,1,wl4d559x,126,mnEfficient,Filler,1541022509,1,15,False
1,1,wl4d559x,127,mnEfficient,Results,1541022510,1,15,False
1,1,wl4d559x,129,mnEfficient,Decisions,1541022526,16,16,False
1,1,wl4d559x,130,mnEfficient,Filler,1541022527,1,16,False
1,1,wl4d559x,131,mnEfficient,Results,1541022528,1,16,False
1,1,wl4d559x,132,lottery,MyPage,1541022533,5,1,False
1,2,sm2d2cmh,1,preQuiz,MyPage,1541019794,2246,1,True
1,2,sm2d2cmh,2,preQuiz,Questions,1541020004,210,1,False
1,2,sm2d2cmh,3,preQuiz,Answers,1541020014,10,1,False
1,2,sm2d2cmh,4,mnDistorted,efficientStart,1541020019,5,1,False
1,2,sm2d2cmh,5,mnDistorted,Decisions,1541020388,369,1,False
1,2,sm2d2cmh,6,mnDistorted,Filler,1541020391,3,1,False
1,2,sm2d2cmh,7,mnDistorted,Results,1541020423,32,1,False
1,2,sm2d2cmh,9,mnDistorted,Decisions,1541020454,31,2,False
1,2,sm2d2cmh,10,mnDistorted,Filler,1541020456,2,2,False
1,2,sm2d2cmh,11,mnDistorted,Results,1541020460,4,2,False
1,2,sm2d2cmh,13,mnDistorted,Decisions,1541020466,6,3,False
1,2,sm2d2cmh,14,mnDistorted,Filler,1541020468,2,3,False
1,2,sm2d2cmh,15,mnDistorted,Results,1541020486,18,3,False
1,2,sm2d2cmh,17,mnDistorted,Decisions,1541020496,10,4,False
1,2,sm2d2cmh,18,mnDistorted,Filler,1541020498,2,4,False
1,2,sm2d2cmh,19,mnDistorted,Results,1541020501,3,4,False
1,2,sm2d2cmh,21,mnDistorted,Decisions,1541020506,5,5,False
1,2,sm2d2cmh,22,mnDistorted,Filler,1541020508,2,5,False
1,2,sm2d2cmh,23,mnDistorted,Results,1541020511,3,5,False
1,2,sm2d2cmh,25,mnDistorted,Decisions,1541020517,6,6,False
1,2,sm2d2cmh,26,mnDistorted,Filler,1541020520,3,6,False
1,2,sm2d2cmh,27,mnDistorted,Results,1541020522,2,6,False
1,2,sm2d2cmh,29,mnDistorted,Decisions,1541020527,5,7,False
1,2,sm2d2cmh,30,mnDistorted,Filler,1541020529,2,7,False
1,2,sm2d2cmh,31,mnDistorted,Results,1541020532,3,7,False
1,2,sm2d2cmh,33,mnDistorted,Decisions,1541020540,8,8,False
1,2,sm2d2cmh,34,mnDistorted,Filler,1541020542,2,8,False
1,2,sm2d2cmh,35,mnDistorted,Results,1541020617,75,8,False
1,2,sm2d2cmh,37,mnDistorted,Decisions,1541020621,4,9,False
1,2,sm2d2cmh,38,mnDistorted,Filler,1541020623,2,9,False
1,2,sm2d2cmh,39,mnDistorted,Results,1541020624,1,9,False
1,2,sm2d2cmh,41,mnDistorted,Decisions,1541020631,7,10,False
1,2,sm2d2cmh,42,mnDistorted,Filler,1541020632,1,10,False
1,2,sm2d2cmh,43,mnDistorted,Results,1541020634,2,10,False
1,2,sm2d2cmh,45,mnDistorted,Decisions,1541020639,5,11,False
1,2,sm2d2cmh,46,mnDistorted,Filler,1541020641,2,11,False
1,2,sm2d2cmh,47,mnDistorted,Results,1541020644,3,11,False
1,2,sm2d2cmh,49,mnDistorted,Decisions,1541020649,5,12,False
1,2,sm2d2cmh,50,mnDistorted,Filler,1541020651,2,12,False
1,2,sm2d2cmh,51,mnDistorted,Results,1541020653,2,12,False
1,2,sm2d2cmh,53,mnDistorted,Decisions,1541020658,5,13,False
1,2,sm2d2cmh,54,mnDistorted,Filler,1541020659,1,13,False
1,2,sm2d2cmh,55,mnDistorted,Results,1541020663,4,13,False
1,2,sm2d2cmh,57,mnDistorted,Decisions,1541020667,4,14,False
1,2,sm2d2cmh,58,mnDistorted,Filler,1541020668,1,14,False
1,2,sm2d2cmh,59,mnDistorted,Results,1541020671,3,14,False
1,2,sm2d2cmh,61,mnDistorted,Decisions,1541020675,4,15,False
1,2,sm2d2cmh,62,mnDistorted,Filler,1541020677,2,15,False
1,2,sm2d2cmh,63,mnDistorted,Results,1541020689,12,15,False
1,2,sm2d2cmh,65,mnDistorted,Decisions,1541020694,5,16,False
1,2,sm2d2cmh,66,mnDistorted,Filler,1541020695,1,16,False
1,2,sm2d2cmh,67,mnDistorted,Results,1541020700,5,16,False
1,2,sm2d2cmh,68,mnEfficient,efficientStart,1541020706,6,1,False
1,2,sm2d2cmh,69,mnEfficient,Decisions,1541020843,137,1,False
1,2,sm2d2cmh,70,mnEfficient,Filler,1541020845,2,1,False
1,2,sm2d2cmh,71,mnEfficient,Results,1541020849,4,1,False
1,2,sm2d2cmh,73,mnEfficient,Decisions,1541020867,18,2,False
1,2,sm2d2cmh,74,mnEfficient,Filler,1541020869,2,2,False
1,2,sm2d2cmh,75,mnEfficient,Results,1541020874,5,2,False
1,2,sm2d2cmh,77,mnEfficient,Decisions,1541020879,5,3,False
1,2,sm2d2cmh,78,mnEfficient,Filler,1541020880,1,3,False
1,2,sm2d2cmh,79,mnEfficient,Results,1541020884,4,3,False
1,2,sm2d2cmh,81,mnEfficient,Decisions,1541020888,4,4,False
1,2,sm2d2cmh,82,mnEfficient,Filler,1541020890,2,4,False
1,2,sm2d2cmh,83,mnEfficient,Results,1541020893,3,4,False
1,2,sm2d2cmh,85,mnEfficient,Decisions,1541020898,5,5,False
1,2,sm2d2cmh,86,mnEfficient,Filler,1541020900,2,5,False
1,2,sm2d2cmh,87,mnEfficient,Results,1541020902,2,5,False
1,2,sm2d2cmh,89,mnEfficient,Decisions,1541020907,5,6,False
1,2,sm2d2cmh,90,mnEfficient,Filler,1541020911,4,6,False
1,2,sm2d2cmh,91,mnEfficient,Results,1541020916,5,6,False
1,2,sm2d2cmh,93,mnEfficient,Decisions,1541020921,5,7,False
1,2,sm2d2cmh,94,mnEfficient,Filler,1541020923,2,7,False
1,2,sm2d2cmh,95,mnEfficient,Results,1541020928,5,7,False
1,2,sm2d2cmh,97,mnEfficient,Decisions,1541020933,5,8,False
1,2,sm2d2cmh,98,mnEfficient,Filler,1541020934,1,8,False
1,2,sm2d2cmh,99,mnEfficient,Results,1541020941,7,8,False
1,2,sm2d2cmh,101,mnEfficient,Decisions,1541020946,5,9,False
1,2,sm2d2cmh,102,mnEfficient,Filler,1541020948,2,9,False
1,2,sm2d2cmh,103,mnEfficient,Results,1541020950,2,9,False
1,2,sm2d2cmh,105,mnEfficient,Decisions,1541020955,5,10,False
1,2,sm2d2cmh,106,mnEfficient,Filler,1541020958,3,10,False
1,2,sm2d2cmh,107,mnEfficient,Results,1541020961,3,10,False
1,2,sm2d2cmh,109,mnEfficient,Decisions,1541020965,4,11,False
1,2,sm2d2cmh,110,mnEfficient,Filler,1541020967,2,11,False
1,2,sm2d2cmh,111,mnEfficient,Results,1541020969,2,11,False
1,2,sm2d2cmh,113,mnEfficient,Decisions,1541020973,4,12,False
1,2,sm2d2cmh,114,mnEfficient,Filler,1541020976,3,12,False
1,2,sm2d2cmh,115,mnEfficient,Results,1541020977,1,12,False
1,2,sm2d2cmh,117,mnEfficient,Decisions,1541020984,7,13,False
1,2,sm2d2cmh,118,mnEfficient,Filler,1541020987,3,13,False
1,2,sm2d2cmh,119,mnEfficient,Results,1541020997,10,13,False
1,2,sm2d2cmh,121,mnEfficient,Decisions,1541021002,5,14,False
1,2,sm2d2cmh,122,mnEfficient,Filler,1541021005,3,14,False
1,2,sm2d2cmh,123,mnEfficient,Results,1541021007,2,14,False
1,2,sm2d2cmh,125,mnEfficient,Decisions,1541021012,5,15,False
1,2,sm2d2cmh,126,mnEfficient,Filler,1541021014,2,15,False
1,2,sm2d2cmh,127,mnEfficient,Results,1541021015,1,15,False
1,2,sm2d2cmh,129,mnEfficient,Decisions,1541021020,5,16,False
1,2,sm2d2cmh,130,mnEfficient,Filler,1541021022,2,16,False
1,2,sm2d2cmh,131,mnEfficient,Results,1541021027,5,16,False
1,2,sm2d2cmh,132,lottery,MyPage,1541021031,4,1,False
1,3,xke8hvrp,1,preQuiz,MyPage,1541019795,2210,1,True
1,3,xke8hvrp,2,preQuiz,Questions,1541020322,527,1,False
1,3,xke8hvrp,3,preQuiz,Answers,1541020358,36,1,False
1,3,xke8hvrp,4,mnDistorted,efficientStart,1541020382,24,1,False
1,3,xke8hvrp,5,mnDistorted,Decisions,1541020524,142,1,False
1,3,xke8hvrp,6,mnDistorted,Filler,1541020526,2,1,False
1,3,xke8hvrp,7,mnDistorted,Results,1541020571,45,1,False
1,3,xke8hvrp,9,mnDistorted,Decisions,1541020595,24,2,False
1,3,xke8hvrp,10,mnDistorted,Filler,1541020597,2,2,False
1,3,xke8hvrp,11,mnDistorted,Results,1541020616,19,2,False
1,3,xke8hvrp,13,mnDistorted,Decisions,1541020661,45,3,False
1,3,xke8hvrp,14,mnDistorted,Filler,1541020663,2,3,False
1,3,xke8hvrp,15,mnDistorted,Results,1541020668,5,3,False
1,3,xke8hvrp,17,mnDistorted,Decisions,1541020712,44,4,False
1,3,xke8hvrp,18,mnDistorted,Filler,1541020713,1,4,False
1,3,xke8hvrp,19,mnDistorted,Results,1541020716,3,4,False
1,3,xke8hvrp,21,mnDistorted,Decisions,1541020720,4,5,False
1,3,xke8hvrp,22,mnDistorted,Filler,1541020722,2,5,False
1,3,xke8hvrp,23,mnDistorted,Results,1541020724,2,5,False
1,3,xke8hvrp,25,mnDistorted,Decisions,1541020727,3,6,False
1,3,xke8hvrp,26,mnDistorted,Filler,1541020728,1,6,False
1,3,xke8hvrp,27,mnDistorted,Results,1541020730,2,6,False
1,3,xke8hvrp,29,mnDistorted,Decisions,1541020735,5,7,False
1,3,xke8hvrp,30,mnDistorted,Filler,1541020736,1,7,False
1,3,xke8hvrp,31,mnDistorted,Results,1541020738,2,7,False
1,3,xke8hvrp,33,mnDistorted,Decisions,1541020743,5,8,False
1,3,xke8hvrp,34,mnDistorted,Filler,1541020744,1,8,False
1,3,xke8hvrp,35,mnDistorted,Results,1541020746,2,8,False
1,3,xke8hvrp,37,mnDistorted,Decisions,1541020750,4,9,False
1,3,xke8hvrp,38,mnDistorted,Filler,1541020752,2,9,False
1,3,xke8hvrp,39,mnDistorted,Results,1541020754,2,9,False
1,3,xke8hvrp,41,mnDistorted,Decisions,1541020772,18,10,False
1,3,xke8hvrp,42,mnDistorted,Filler,1541020773,1,10,False
1,3,xke8hvrp,43,mnDistorted,Results,1541020775,2,10,False
1,3,xke8hvrp,45,mnDistorted,Decisions,1541020780,5,11,False
1,3,xke8hvrp,46,mnDistorted,Filler,1541020781,1,11,False
1,3,xke8hvrp,47,mnDistorted,Results,1541020783,2,11,False
1,3,xke8hvrp,49,mnDistorted,Decisions,1541020789,6,12,False
1,3,xke8hvrp,50,mnDistorted,Filler,1541020790,1,12,False
1,3,xke8hvrp,51,mnDistorted,Results,1541020792,2,12,False
1,3,xke8hvrp,53,mnDistorted,Decisions,1541020797,5,13,False
1,3,xke8hvrp,54,mnDistorted,Filler,1541020799,2,13,False
1,3,xke8hvrp,55,mnDistorted,Results,1541020800,1,13,False
1,3,xke8hvrp,57,mnDistorted,Decisions,1541020806,6,14,False
1,3,xke8hvrp,58,mnDistorted,Filler,1541020807,1,14,False
1,3,xke8hvrp,59,mnDistorted,Results,1541020809,2,14,False
1,3,xke8hvrp,61,mnDistorted,Decisions,1541020813,4,15,False
1,3,xke8hvrp,62,mnDistorted,Filler,1541020815,2,15,False
1,3,xke8hvrp,63,mnDistorted,Results,1541020816,1,15,False
1,3,xke8hvrp,65,mnDistorted,Decisions,1541020825,9,16,False
1,3,xke8hvrp,66,mnDistorted,Filler,1541020826,1,16,False
1,3,xke8hvrp,67,mnDistorted,Results,1541020828,2,16,False
1,3,xke8hvrp,68,mnEfficient,efficientStart,1541020834,6,1,False
1,3,xke8hvrp,69,mnEfficient,Decisions,1541020879,45,1,False
1,3,xke8hvrp,70,mnEfficient,Filler,1541020881,2,1,False
1,3,xke8hvrp,71,mnEfficient,Results,1541020884,3,1,False
1,3,xke8hvrp,73,mnEfficient,Decisions,1541020890,6,2,False
1,3,xke8hvrp,74,mnEfficient,Filler,1541020891,1,2,False
1,3,xke8hvrp,75,mnEfficient,Results,1541020893,2,2,False
1,3,xke8hvrp,77,mnEfficient,Decisions,1541020941,48,3,False
1,3,xke8hvrp,78,mnEfficient,Filler,1541020944,3,3,False
1,3,xke8hvrp,79,mnEfficient,Results,1541020946,2,3,False
1,3,xke8hvrp,81,mnEfficient,Decisions,1541020960,14,4,False
1,3,xke8hvrp,82,mnEfficient,Filler,1541020963,3,4,False
1,3,xke8hvrp,83,mnEfficient,Results,1541020965,2,4,False
1,3,xke8hvrp,85,mnEfficient,Decisions,1541020969,4,5,False
1,3,xke8hvrp,86,mnEfficient,Filler,1541020971,2,5,False
1,3,xke8hvrp,87,mnEfficient,Results,1541020972,1,5,False
1,3,xke8hvrp,89,mnEfficient,Decisions,1541020976,4,6,False
1,3,xke8hvrp,90,mnEfficient,Filler,1541020977,1,6,False
1,3,xke8hvrp,91,mnEfficient,Results,1541020979,2,6,False
1,3,xke8hvrp,93,mnEfficient,Decisions,1541020987,8,7,False
1,3,xke8hvrp,94,mnEfficient,Filler,1541020989,2,7,False
1,3,xke8hvrp,95,mnEfficient,Results,1541020990,1,7,False
1,3,xke8hvrp,97,mnEfficient,Decisions,1541020994,4,8,False
1,3,xke8hvrp,98,mnEfficient,Filler,1541020996,2,8,False
1,3,xke8hvrp,99,mnEfficient,Results,1541020997,1,8,False
1,3,xke8hvrp,101,mnEfficient,Decisions,1541021001,4,9,False
1,3,xke8hvrp,102,mnEfficient,Filler,1541021003,2,9,False
1,3,xke8hvrp,103,mnEfficient,Results,1541021004,1,9,False
1,3,xke8hvrp,105,mnEfficient,Decisions,1541021008,4,10,False
1,3,xke8hvrp,106,mnEfficient,Filler,1541021010,2,10,False
1,3,xke8hvrp,107,mnEfficient,Results,1541021011,1,10,False
1,3,xke8hvrp,109,mnEfficient,Decisions,1541021017,6,11,False
1,3,xke8hvrp,110,mnEfficient,Filler,1541021018,1,11,False
1,3,xke8hvrp,111,mnEfficient,Results,1541021021,3,11,False
1,3,xke8hvrp,113,mnEfficient,Decisions,1541021026,5,12,False
1,3,xke8hvrp,114,mnEfficient,Filler,1541021027,1,12,False
1,3,xke8hvrp,115,mnEfficient,Results,1541021029,2,12,False
1,3,xke8hvrp,117,mnEfficient,Decisions,1541021033,4,13,False
1,3,xke8hvrp,118,mnEfficient,Filler,1541021035,2,13,False
1,3,xke8hvrp,119,mnEfficient,Results,1541021037,2,13,False
1,3,xke8hvrp,121,mnEfficient,Decisions,1541021047,10,14,False
1,3,xke8hvrp,122,mnEfficient,Filler,1541021049,2,14,False
1,3,xke8hvrp,123,mnEfficient,Results,1541021050,1,14,False
1,3,xke8hvrp,125,mnEfficient,Decisions,1541021055,5,15,False
1,3,xke8hvrp,126,mnEfficient,Filler,1541021056,1,15,False
1,3,xke8hvrp,127,mnEfficient,Results,1541021058,2,15,False
1,3,xke8hvrp,129,mnEfficient,Decisions,1541021064,6,16,False
1,3,xke8hvrp,130,mnEfficient,Filler,1541021065,1,16,False
1,3,xke8hvrp,131,mnEfficient,Results,1541021067,2,16,False
1,3,xke8hvrp,132,lottery,MyPage,1541021088,21,1,False
1,4,vnq6pwt0,1,preQuiz,MyPage,1541019795,2163,1,True
1,4,vnq6pwt0,2,preQuiz,Questions,1541019986,191,1,False
1,4,vnq6pwt0,3,preQuiz,Answers,1541020001,15,1,False
1,4,vnq6pwt0,4,mnDistorted,efficientStart,1541020010,9,1,False
1,4,vnq6pwt0,5,mnDistorted,Decisions,1541020035,25,1,False
1,4,vnq6pwt0,6,mnDistorted,Filler,1541020039,4,1,False
1,4,vnq6pwt0,7,mnDistorted,Results,1541020086,47,1,False
1,4,vnq6pwt0,9,mnDistorted,Decisions,1541020099,13,2,False
1,4,vnq6pwt0,10,mnDistorted,Filler,1541020101,2,2,False
1,4,vnq6pwt0,11,mnDistorted,Results,1541020112,11,2,False
1,4,vnq6pwt0,13,mnDistorted,Decisions,1541020131,19,3,False
1,4,vnq6pwt0,14,mnDistorted,Filler,1541020132,1,3,False
1,4,vnq6pwt0,15,mnDistorted,Results,1541020141,9,3,False
1,4,vnq6pwt0,17,mnDistorted,Decisions,1541020158,17,4,False
1,4,vnq6pwt0,18,mnDistorted,Filler,1541020159,1,4,False
1,4,vnq6pwt0,19,mnDistorted,Results,1541020168,9,4,False
1,4,vnq6pwt0,21,mnDistorted,Decisions,1541020173,5,5,False
1,4,vnq6pwt0,22,mnDistorted,Filler,1541020175,2,5,False
1,4,vnq6pwt0,23,mnDistorted,Results,1541020199,24,5,False
1,4,vnq6pwt0,25,mnDistorted,Decisions,1541020208,9,6,False
1,4,vnq6pwt0,26,mnDistorted,Filler,1541020210,2,6,False
1,4,vnq6pwt0,27,mnDistorted,Results,1541020216,6,6,False
1,4,vnq6pwt0,29,mnDistorted,Decisions,1541020475,259,7,False
1,4,vnq6pwt0,30,mnDistorted,Filler,1541020477,2,7,False
1,4,vnq6pwt0,31,mnDistorted,Results,1541020487,10,7,False
1,4,vnq6pwt0,33,mnDistorted,Decisions,1541020492,5,8,False
1,4,vnq6pwt0,34,mnDistorted,Filler,1541020494,2,8,False
1,4,vnq6pwt0,35,mnDistorted,Results,1541020496,2,8,False
1,4,vnq6pwt0,37,mnDistorted,Decisions,1541020604,108,9,False
1,4,vnq6pwt0,38,mnDistorted,Filler,1541020606,2,9,False
1,4,vnq6pwt0,39,mnDistorted,Results,1541020626,20,9,False
1,4,vnq6pwt0,41,mnDistorted,Decisions,1541020631,5,10,False
1,4,vnq6pwt0,42,mnDistorted,Filler,1541020633,2,10,False
1,4,vnq6pwt0,43,mnDistorted,Results,1541020637,4,10,False
1,4,vnq6pwt0,45,mnDistorted,Decisions,1541020644,7,11,False
1,4,vnq6pwt0,46,mnDistorted,Filler,1541020645,1,11,False
1,4,vnq6pwt0,47,mnDistorted,Results,1541020648,3,11,False
1,4,vnq6pwt0,49,mnDistorted,Decisions,1541020652,4,12,False
1,4,vnq6pwt0,50,mnDistorted,Filler,1541020654,2,12,False
1,4,vnq6pwt0,51,mnDistorted,Results,1541020656,2,12,False
1,4,vnq6pwt0,53,mnDistorted,Decisions,1541020660,4,13,False
1,4,vnq6pwt0,54,mnDistorted,Filler,1541020661,1,13,False
1,4,vnq6pwt0,55,mnDistorted,Results,1541020665,4,13,False
1,4,vnq6pwt0,57,mnDistorted,Decisions,1541020670,5,14,False
1,4,vnq6pwt0,58,mnDistorted,Filler,1541020672,2,14,False
1,4,vnq6pwt0,59,mnDistorted,Results,1541020675,3,14,False
1,4,vnq6pwt0,61,mnDistorted,Decisions,1541020680,5,15,False
1,4,vnq6pwt0,62,mnDistorted,Filler,1541020682,2,15,False
1,4,vnq6pwt0,63,mnDistorted,Results,1541020686,4,15,False
1,4,vnq6pwt0,65,mnDistorted,Decisions,1541020690,4,16,False
1,4,vnq6pwt0,66,mnDistorted,Filler,1541020692,2,16,False
1,4,vnq6pwt0,67,mnDistorted,Results,1541020694,2,16,False
1,4,vnq6pwt0,68,mnEfficient,efficientStart,1541020697,3,1,False
1,4,vnq6pwt0,69,mnEfficient,Decisions,1541021017,320,1,False
1,4,vnq6pwt0,70,mnEfficient,Filler,1541021019,2,1,False
1,4,vnq6pwt0,71,mnEfficient,Results,1541021021,2,1,False
1,4,vnq6pwt0,73,mnEfficient,Decisions,1541021026,5,2,False
1,4,vnq6pwt0,74,mnEfficient,Filler,1541021027,1,2,False
1,4,vnq6pwt0,75,mnEfficient,Results,1541021029,2,2,False
1,4,vnq6pwt0,77,mnEfficient,Decisions,1541021033,4,3,False
1,4,vnq6pwt0,78,mnEfficient,Filler,1541021034,1,3,False
1,4,vnq6pwt0,79,mnEfficient,Results,1541021038,4,3,False
1,4,vnq6pwt0,81,mnEfficient,Decisions,1541021042,4,4,False
1,4,vnq6pwt0,82,mnEfficient,Filler,1541021044,2,4,False
1,4,vnq6pwt0,83,mnEfficient,Results,1541021046,2,4,False
1,4,vnq6pwt0,85,mnEfficient,Decisions,1541021051,5,5,False
1,4,vnq6pwt0,86,mnEfficient,Filler,1541021052,1,5,False
1,4,vnq6pwt0,87,mnEfficient,Results,1541021056,4,5,False
1,4,vnq6pwt0,89,mnEfficient,Decisions,1541021061,5,6,False
1,4,vnq6pwt0,90,mnEfficient,Filler,1541021062,1,6,False
1,4,vnq6pwt0,91,mnEfficient,Results,1541021068,6,6,False
1,4,vnq6pwt0,93,mnEfficient,Decisions,1541021072,4,7,False
1,4,vnq6pwt0,94,mnEfficient,Filler,1541021074,2,7,False
1,4,vnq6pwt0,95,mnEfficient,Results,1541021077,3,7,False
1,4,vnq6pwt0,97,mnEfficient,Decisions,1541021080,3,8,False
1,4,vnq6pwt0,98,mnEfficient,Filler,1541021082,2,8,False
1,4,vnq6pwt0,99,mnEfficient,Results,1541021084,2,8,False
1,4,vnq6pwt0,101,mnEfficient,Decisions,1541021088,4,9,False
1,4,vnq6pwt0,102,mnEfficient,Filler,1541021090,2,9,False
1,4,vnq6pwt0,103,mnEfficient,Results,1541021092,2,9,False
1,4,vnq6pwt0,105,mnEfficient,Decisions,1541021097,5,10,False
1,4,vnq6pwt0,106,mnEfficient,Filler,1541021098,1,10,False
1,4,vnq6pwt0,107,mnEfficient,Results,1541021101,3,10,False
1,4,vnq6pwt0,109,mnEfficient,Decisions,1541021105,4,11,False
1,4,vnq6pwt0,110,mnEfficient,Filler,1541021107,2,11,False
1,4,vnq6pwt0,111,mnEfficient,Results,1541021110,3,11,False
1,4,vnq6pwt0,113,mnEfficient,Decisions,1541021114,4,12,False
1,4,vnq6pwt0,114,mnEfficient,Filler,1541021116,2,12,False
1,4,vnq6pwt0,115,mnEfficient,Results,1541021119,3,12,False
1,4,vnq6pwt0,117,mnEfficient,Decisions,1541021128,9,13,False
1,4,vnq6pwt0,118,mnEfficient,Filler,1541021129,1,13,False
1,4,vnq6pwt0,119,mnEfficient,Results,1541021132,3,13,False
1,4,vnq6pwt0,121,mnEfficient,Decisions,1541021137,5,14,False
1,4,vnq6pwt0,122,mnEfficient,Filler,1541021139,2,14,False
1,4,vnq6pwt0,123,mnEfficient,Results,1541021142,3,14,False
1,4,vnq6pwt0,125,mnEfficient,Decisions,1541021149,7,15,False
1,4,vnq6pwt0,126,mnEfficient,Filler,1541021151,2,15,False
1,4,vnq6pwt0,127,mnEfficient,Results,1541021157,6,15,False
1,4,vnq6pwt0,129,mnEfficient,Decisions,1541021160,3,16,False
1,4,vnq6pwt0,130,mnEfficient,Filler,1541021164,4,16,False
1,4,vnq6pwt0,131,mnEfficient,Results,1541021172,8,16,False
1,4,vnq6pwt0,132,lottery,MyPage,1541021184,12,1,False
1,5,pwu897js,1,preQuiz,MyPage,1541019795,2118,1,True
1,5,pwu897js,2,preQuiz,Questions,1541020193,398,1,False
1,5,pwu897js,3,preQuiz,Answers,1541020202,9,1,False
1,5,pwu897js,4,mnDistorted,efficientStart,1541020207,5,1,False
1,5,pwu897js,5,mnDistorted,Decisions,1541020426,219,1,False
1,5,pwu897js,6,mnDistorted,Filler,1541020429,3,1,False
1,5,pwu897js,7,mnDistorted,Results,1541020439,10,1,False
1,5,pwu897js,9,mnDistorted,Decisions,1541020599,160,2,False
1,5,pwu897js,10,mnDistorted,Filler,1541020601,2,2,False
1,5,pwu897js,11,mnDistorted,Results,1541020605,4,2,False
1,5,pwu897js,13,mnDistorted,Decisions,1541020720,115,3,False
1,5,pwu897js,14,mnDistorted,Filler,1541020722,2,3,False
1,5,pwu897js,15,mnDistorted,Results,1541020725,3,3,False
1,5,pwu897js,17,mnDistorted,Decisions,1541020746,21,4,False
1,5,pwu897js,18,mnDistorted,Filler,1541020748,2,4,False
1,5,pwu897js,19,mnDistorted,Results,1541020749,1,4,False
1,5,pwu897js,21,mnDistorted,Decisions,1541020752,3,5,False
1,5,pwu897js,22,mnDistorted,Filler,1541020755,3,5,False
1,5,pwu897js,23,mnDistorted,Results,1541020757,2,5,False
1,5,pwu897js,25,mnDistorted,Decisions,1541020760,3,6,False
1,5,pwu897js,26,mnDistorted,Filler,1541020761,1,6,False
1,5,pwu897js,27,mnDistorted,Results,1541020782,21,6,False
1,5,pwu897js,29,mnDistorted,Decisions,1541020785,3,7,False
1,5,pwu897js,30,mnDistorted,Filler,1541020787,2,7,False
1,5,pwu897js,31,mnDistorted,Results,1541020789,2,7,False
1,5,pwu897js,33,mnDistorted,Decisions,1541020792,3,8,False
1,5,pwu897js,34,mnDistorted,Filler,1541020794,2,8,False
1,5,pwu897js,35,mnDistorted,Results,1541020796,2,8,False
1,5,pwu897js,37,mnDistorted,Decisions,1541020798,2,9,False
1,5,pwu897js,38,mnDistorted,Filler,1541020800,2,9,False
1,5,pwu897js,39,mnDistorted,Results,1541020802,2,9,False
1,5,pwu897js,41,mnDistorted,Decisions,1541020805,3,10,False
1,5,pwu897js,42,mnDistorted,Filler,1541020806,1,10,False
1,5,pwu897js,43,mnDistorted,Results,1541020808,2,10,False
1,5,pwu897js,45,mnDistorted,Decisions,1541020810,2,11,False
1,5,pwu897js,46,mnDistorted,Filler,1541020812,2,11,False
1,5,pwu897js,47,mnDistorted,Results,1541020813,1,11,False
1,5,pwu897js,49,mnDistorted,Decisions,1541020816,3,12,False
1,5,pwu897js,50,mnDistorted,Filler,1541020817,1,12,False
1,5,pwu897js,51,mnDistorted,Results,1541020820,3,12,False
1,5,pwu897js,53,mnDistorted,Decisions,1541020823,3,13,False
1,5,pwu897js,54,mnDistorted,Filler,1541020824,1,13,False
1,5,pwu897js,55,mnDistorted,Results,1541020826,2,13,False
1,5,pwu897js,57,mnDistorted,Decisions,1541020828,2,14,False
1,5,pwu897js,58,mnDistorted,Filler,1541020830,2,14,False
1,5,pwu897js,59,mnDistorted,Results,1541020831,1,14,False
1,5,pwu897js,61,mnDistorted,Decisions,1541020834,3,15,False
1,5,pwu897js,62,mnDistorted,Filler,1541020835,1,15,False
1,5,pwu897js,63,mnDistorted,Results,1541020837,2,15,False
1,5,pwu897js,65,mnDistorted,Decisions,1541020839,2,16,False
1,5,pwu897js,66,mnDistorted,Filler,1541020841,2,16,False
1,5,pwu897js,67,mnDistorted,Results,1541020843,2,16,False
1,5,pwu897js,68,mnEfficient,efficientStart,1541020847,4,1,False
1,5,pwu897js,69,mnEfficient,Decisions,1541021006,159,1,False
1,5,pwu897js,70,mnEfficient,Filler,1541021008,2,1,False
1,5,pwu897js,71,mnEfficient,Results,1541021010,2,1,False
1,5,pwu897js,73,mnEfficient,Decisions,1541021016,6,2,False
1,5,pwu897js,74,mnEfficient,Filler,1541021017,1,2,False
1,5,pwu897js,75,mnEfficient,Results,1541021019,2,2,False
1,5,pwu897js,77,mnEfficient,Decisions,1541021046,27,3,False
1,5,pwu897js,78,mnEfficient,Filler,1541021048,2,3,False
1,5,pwu897js,79,mnEfficient,Results,1541021049,1,3,False
1,5,pwu897js,81,mnEfficient,Decisions,1541021053,4,4,False
1,5,pwu897js,82,mnEfficient,Filler,1541021054,1,4,False
1,5,pwu897js,83,mnEfficient,Results,1541021056,2,4,False
1,5,pwu897js,85,mnEfficient,Decisions,1541021059,3,5,False
1,5,pwu897js,86,mnEfficient,Filler,1541021061,2,5,False
1,5,pwu897js,87,mnEfficient,Results,1541021063,2,5,False
1,5,pwu897js,89,mnEfficient,Decisions,1541021066,3,6,False
1,5,pwu897js,90,mnEfficient,Filler,1541021067,1,6,False
1,5,pwu897js,91,mnEfficient,Results,1541021069,2,6,False
1,5,pwu897js,93,mnEfficient,Decisions,1541021072,3,7,False
1,5,pwu897js,94,mnEfficient,Filler,1541021074,2,7,False
1,5,pwu897js,95,mnEfficient,Results,1541021075,1,7,False
1,5,pwu897js,97,mnEfficient,Decisions,1541021078,3,8,False
1,5,pwu897js,98,mnEfficient,Filler,1541021080,2,8,False
1,5,pwu897js,99,mnEfficient,Results,1541021086,6,8,False
1,5,pwu897js,101,mnEfficient,Decisions,1541021090,4,9,False
1,5,pwu897js,102,mnEfficient,Filler,1541021092,2,9,False
1,5,pwu897js,103,mnEfficient,Results,1541021093,1,9,False
1,5,pwu897js,105,mnEfficient,Decisions,1541021097,4,10,False
1,5,pwu897js,106,mnEfficient,Filler,1541021099,2,10,False
1,5,pwu897js,107,mnEfficient,Results,1541021101,2,10,False
1,5,pwu897js,109,mnEfficient,Decisions,1541021105,4,11,False
1,5,pwu897js,110,mnEfficient,Filler,1541021106,1,11,False
1,5,pwu897js,111,mnEfficient,Results,1541021108,2,11,False
1,5,pwu897js,113,mnEfficient,Decisions,1541021112,4,12,False
1,5,pwu897js,114,mnEfficient,Filler,1541021113,1,12,False
1,5,pwu897js,115,mnEfficient,Results,1541021115,2,12,False
1,5,pwu897js,117,mnEfficient,Decisions,1541021119,4,13,False
1,5,pwu897js,118,mnEfficient,Filler,1541021120,1,13,False
1,5,pwu897js,119,mnEfficient,Results,1541021123,3,13,False
1,5,pwu897js,121,mnEfficient,Decisions,1541021149,26,14,False
1,5,pwu897js,122,mnEfficient,Filler,1541021151,2,14,False
1,5,pwu897js,123,mnEfficient,Results,1541021153,2,14,False
1,5,pwu897js,125,mnEfficient,Decisions,1541021161,8,15,False
1,5,pwu897js,126,mnEfficient,Filler,1541021163,2,15,False
1,5,pwu897js,127,mnEfficient,Results,1541021164,1,15,False
1,5,pwu897js,129,mnEfficient,Decisions,1541021169,5,16,False
1,5,pwu897js,130,mnEfficient,Filler,1541021170,1,16,False
1,5,pwu897js,131,mnEfficient,Results,1541021173,3,16,False
1,5,pwu897js,132,lottery,MyPage,1541021271,98,1,False
1,6,7zxo8w43,1,preQuiz,MyPage,1541019796,2069,1,True
1,6,7zxo8w43,2,preQuiz,Questions,1541019962,166,1,False
1,6,7zxo8w43,3,preQuiz,Answers,1541019966,4,1,False
1,6,7zxo8w43,4,mnDistorted,efficientStart,1541019970,4,1,False
1,6,7zxo8w43,5,mnDistorted,Decisions,1541021060,1090,1,False
1,6,7zxo8w43,6,mnDistorted,Filler,1541021063,3,1,False
1,6,7zxo8w43,7,mnDistorted,Results,1541021072,9,1,False
1,6,7zxo8w43,9,mnDistorted,Decisions,1541021122,50,2,False
1,6,7zxo8w43,10,mnDistorted,Filler,1541021125,3,2,False
1,6,7zxo8w43,11,mnDistorted,Results,1541021128,3,2,False
1,6,7zxo8w43,13,mnDistorted,Decisions,1541021191,63,3,False
1,6,7zxo8w43,14,mnDistorted,Filler,1541021192,1,3,False
1,6,7zxo8w43,15,mnDistorted,Results,1541021194,2,3,False
1,6,7zxo8w43,17,mnDistorted,Decisions,1541021201,7,4,False
1,6,7zxo8w43,18,mnDistorted,Filler,1541021203,2,4,False
1,6,7zxo8w43,19,mnDistorted,Results,1541021205,2,4,False
1,6,7zxo8w43,21,mnDistorted,Decisions,1541021213,8,5,False
1,6,7zxo8w43,22,mnDistorted,Filler,1541021215,2,5,False
1,6,7zxo8w43,23,mnDistorted,Results,1541021218,3,5,False
1,6,7zxo8w43,25,mnDistorted,Decisions,1541021226,8,6,False
1,6,7zxo8w43,26,mnDistorted,Filler,1541021228,2,6,False
1,6,7zxo8w43,27,mnDistorted,Results,1541021230,2,6,False
1,6,7zxo8w43,29,mnDistorted,Decisions,1541021235,5,7,False
1,6,7zxo8w43,30,mnDistorted,Filler,1541021237,2,7,False
1,6,7zxo8w43,31,mnDistorted,Results,1541021238,1,7,False
1,6,7zxo8w43,33,mnDistorted,Decisions,1541021242,4,8,False
1,6,7zxo8w43,34,mnDistorted,Filler,1541021244,2,8,False
1,6,7zxo8w43,35,mnDistorted,Results,1541021247,3,8,False
1,6,7zxo8w43,37,mnDistorted,Decisions,1541021253,6,9,False
1,6,7zxo8w43,38,mnDistorted,Filler,1541021254,1,9,False
1,6,7zxo8w43,39,mnDistorted,Results,1541021257,3,9,False
1,6,7zxo8w43,41,mnDistorted,Decisions,1541021262,5,10,False
1,6,7zxo8w43,42,mnDistorted,Filler,1541021264,2,10,False
1,6,7zxo8w43,43,mnDistorted,Results,1541021269,5,10,False
1,6,7zxo8w43,45,mnDistorted,Decisions,1541021273,4,11,False
1,6,7zxo8w43,46,mnDistorted,Filler,1541021275,2,11,False
1,6,7zxo8w43,47,mnDistorted,Results,1541021277,2,11,False
1,6,7zxo8w43,49,mnDistorted,Decisions,1541021283,6,12,False
1,6,7zxo8w43,50,mnDistorted,Filler,1541021285,2,12,False
1,6,7zxo8w43,51,mnDistorted,Results,1541021294,9,12,False
1,6,7zxo8w43,53,mnDistorted,Decisions,1541021542,248,13,False
1,6,7zxo8w43,54,mnDistorted,Filler,1541021544,2,13,False
1,6,7zxo8w43,55,mnDistorted,Results,1541021545,1,13,False
1,6,7zxo8w43,57,mnDistorted,Decisions,1541021549,4,14,False
1,6,7zxo8w43,58,mnDistorted,Filler,1541021551,2,14,False
1,6,7zxo8w43,59,mnDistorted,Results,1541021552,1,14,False
1,6,7zxo8w43,61,mnDistorted,Decisions,1541021560,8,15,False
1,6,7zxo8w43,62,mnDistorted,Filler,1541021561,1,15,False
1,6,7zxo8w43,63,mnDistorted,Results,1541021563,2,15,False
1,6,7zxo8w43,65,mnDistorted,Decisions,1541021568,5,16,False
1,6,7zxo8w43,66,mnDistorted,Filler,1541021570,2,16,False
1,6,7zxo8w43,67,mnDistorted,Results,1541021572,2,16,False
1,6,7zxo8w43,68,mnEfficient,efficientStart,1541021590,18,1,False
1,6,7zxo8w43,69,mnEfficient,Decisions,1541021829,239,1,False
1,6,7zxo8w43,70,mnEfficient,Filler,1541021830,1,1,False
1,6,7zxo8w43,71,mnEfficient,Results,1541021832,2,1,False
1,6,7zxo8w43,73,mnEfficient,Decisions,1541021836,4,2,False
1,6,7zxo8w43,74,mnEfficient,Filler,1541021838,2,2,False
1,6,7zxo8w43,75,mnEfficient,Results,1541021839,1,2,False
1,6,7zxo8w43,77,mnEfficient,Decisions,1541021843,4,3,False
1,6,7zxo8w43,78,mnEfficient,Filler,1541021844,1,3,False
1,6,7zxo8w43,79,mnEfficient,Results,1541021845,1,3,False
1,6,7zxo8w43,81,mnEfficient,Decisions,1541021849,4,4,False
1,6,7zxo8w43,82,mnEfficient,Filler,1541021850,1,4,False
1,6,7zxo8w43,83,mnEfficient,Results,1541021852,2,4,False
1,6,7zxo8w43,85,mnEfficient,Decisions,1541021858,6,5,False
1,6,7zxo8w43,86,mnEfficient,Filler,1541021859,1,5,False
1,6,7zxo8w43,87,mnEfficient,Results,1541021860,1,5,False
1,6,7zxo8w43,89,mnEfficient,Decisions,1541021864,4,6,False
1,6,7zxo8w43,90,mnEfficient,Filler,1541021865,1,6,False
1,6,7zxo8w43,91,mnEfficient,Results,1541021867,2,6,False
1,6,7zxo8w43,93,mnEfficient,Decisions,1541021871,4,7,False
1,6,7zxo8w43,94,mnEfficient,Filler,1541021872,1,7,False
1,6,7zxo8w43,95,mnEfficient,Results,1541021873,1,7,False
1,6,7zxo8w43,97,mnEfficient,Decisions,1541021877,4,8,False
1,6,7zxo8w43,98,mnEfficient,Filler,1541021878,1,8,False
1,6,7zxo8w43,99,mnEfficient,Results,1541021879,1,8,False
1,6,7zxo8w43,101,mnEfficient,Decisions,1541021883,4,9,False
1,6,7zxo8w43,102,mnEfficient,Filler,1541021884,1,9,False
1,6,7zxo8w43,103,mnEfficient,Results,1541021885,1,9,False
1,6,7zxo8w43,105,mnEfficient,Decisions,1541021890,5,10,False
1,6,7zxo8w43,106,mnEfficient,Filler,1541021891,1,10,False
1,6,7zxo8w43,107,mnEfficient,Results,1541021893,2,10,False
1,6,7zxo8w43,109,mnEfficient,Decisions,1541021896,3,11,False
1,6,7zxo8w43,110,mnEfficient,Filler,1541021897,1,11,False
1,6,7zxo8w43,111,mnEfficient,Results,1541021899,2,11,False
1,6,7zxo8w43,113,mnEfficient,Decisions,1541021903,4,12,False
1,6,7zxo8w43,114,mnEfficient,Filler,1541021907,4,12,False
1,6,7zxo8w43,115,mnEfficient,Results,1541021908,1,12,False
1,6,7zxo8w43,117,mnEfficient,Decisions,1541021912,4,13,False
1,6,7zxo8w43,118,mnEfficient,Filler,1541021913,1,13,False
1,6,7zxo8w43,119,mnEfficient,Results,1541021915,2,13,False
1,6,7zxo8w43,121,mnEfficient,Decisions,1541021918,3,14,False
1,6,7zxo8w43,122,mnEfficient,Filler,1541021920,2,14,False
1,6,7zxo8w43,123,mnEfficient,Results,1541021921,1,14,False
1,6,7zxo8w43,125,mnEfficient,Decisions,1541021925,4,15,False
1,6,7zxo8w43,126,mnEfficient,Filler,1541021926,1,15,False
1,6,7zxo8w43,127,mnEfficient,Results,1541021927,1,15,False
1,6,7zxo8w43,129,mnEfficient,Decisions,1541021931,4,16,False
1,6,7zxo8w43,130,mnEfficient,Filler,1541021932,1,16,False
1,6,7zxo8w43,131,mnEfficient,Results,1541021934,2,16,False
1,6,7zxo8w43,132,lottery,MyPage,1541022060,126,1,False
1,7,dh6i9btd,1,preQuiz,MyPage,1541019796,2018,1,True
1,7,dh6i9btd,2,preQuiz,Questions,1541020988,1192,1,False
1,7,dh6i9btd,3,preQuiz,Answers,1541021102,114,1,False
1,7,dh6i9btd,4,mnDistorted,efficientStart,1541021124,22,1,False
1,7,dh6i9btd,5,mnDistorted,Decisions,1541021278,154,1,False
1,7,dh6i9btd,6,mnDistorted,Filler,1541021281,3,1,False
1,7,dh6i9btd,7,mnDistorted,Results,1541021334,53,1,False
1,7,dh6i9btd,9,mnDistorted,Decisions,1541021416,82,2,False
1,7,dh6i9btd,10,mnDistorted,Filler,1541021418,2,2,False
1,7,dh6i9btd,11,mnDistorted,Results,1541021443,25,2,False
1,7,dh6i9btd,13,mnDistorted,Decisions,1541021548,105,3,False
1,7,dh6i9btd,14,mnDistorted,Filler,1541021550,2,3,False
1,7,dh6i9btd,15,mnDistorted,Results,1541021592,42,3,False
1,7,dh6i9btd,17,mnDistorted,Decisions,1541021613,21,4,False
1,7,dh6i9btd,18,mnDistorted,Filler,1541021618,5,4,False
1,7,dh6i9btd,19,mnDistorted,Results,1541021635,17,4,False
1,7,dh6i9btd,21,mnDistorted,Decisions,1541021649,14,5,False
1,7,dh6i9btd,22,mnDistorted,Filler,1541021653,4,5,False
1,7,dh6i9btd,23,mnDistorted,Results,1541021680,27,5,False
1,7,dh6i9btd,25,mnDistorted,Decisions,1541021699,19,6,False
1,7,dh6i9btd,26,mnDistorted,Filler,1541021704,5,6,False
1,7,dh6i9btd,27,mnDistorted,Results,1541021724,20,6,False
1,7,dh6i9btd,29,mnDistorted,Decisions,1541021741,17,7,False
1,7,dh6i9btd,30,mnDistorted,Filler,1541021743,2,7,False
1,7,dh6i9btd,31,mnDistorted,Results,1541021763,20,7,False
1,7,dh6i9btd,33,mnDistorted,Decisions,1541021836,73,8,False
1,7,dh6i9btd,34,mnDistorted,Filler,1541021838,2,8,False
1,7,dh6i9btd,35,mnDistorted,Results,1541021881,43,8,False
1,7,dh6i9btd,37,mnDistorted,Decisions,1541021886,5,9,False
1,7,dh6i9btd,38,mnDistorted,Filler,1541021888,2,9,False
1,7,dh6i9btd,39,mnDistorted,Results,1541021903,15,9,False
1,7,dh6i9btd,41,mnDistorted,Decisions,1541021936,33,10,False
1,7,dh6i9btd,42,mnDistorted,Filler,1541021937,1,10,False
1,7,dh6i9btd,43,mnDistorted,Results,1541021957,20,10,False
1,7,dh6i9btd,45,mnDistorted,Decisions,1541022071,114,11,False
1,7,dh6i9btd,46,mnDistorted,Filler,1541022072,1,11,False
1,7,dh6i9btd,47,mnDistorted,Results,1541022097,25,11,False
1,7,dh6i9btd,49,mnDistorted,Decisions,1541022114,17,12,False
1,7,dh6i9btd,50,mnDistorted,Filler,1541022116,2,12,False
1,7,dh6i9btd,51,mnDistorted,Results,1541022123,7,12,False
1,7,dh6i9btd,53,mnDistorted,Decisions,1541022134,11,13,False
1,7,dh6i9btd,54,mnDistorted,Filler,1541022135,1,13,False
1,7,dh6i9btd,55,mnDistorted,Results,1541022142,7,13,False
1,7,dh6i9btd,57,mnDistorted,Decisions,1541022147,5,14,False
1,7,dh6i9btd,58,mnDistorted,Filler,1541022149,2,14,False
1,7,dh6i9btd,59,mnDistorted,Results,1541022151,2,14,False
1,7,dh6i9btd,61,mnDistorted,Decisions,1541022157,6,15,False
1,7,dh6i9btd,62,mnDistorted,Filler,1541022159,2,15,False
1,7,dh6i9btd,63,mnDistorted,Results,1541022161,2,15,False
1,7,dh6i9btd,65,mnDistorted,Decisions,1541022169,8,16,False
1,7,dh6i9btd,66,mnDistorted,Filler,1541022171,2,16,False
1,7,dh6i9btd,67,mnDistorted,Results,1541022173,2,16,False
1,7,dh6i9btd,68,mnEfficient,efficientStart,1541022187,14,1,False
1,7,dh6i9btd,69,mnEfficient,Decisions,1541022207,20,1,False
1,7,dh6i9btd,70,mnEfficient,Filler,1541022208,1,1,False
1,7,dh6i9btd,71,mnEfficient,Results,1541022220,12,1,False
1,7,dh6i9btd,73,mnEfficient,Decisions,1541022224,4,2,False
1,7,dh6i9btd,74,mnEfficient,Filler,1541022226,2,2,False
1,7,dh6i9btd,75,mnEfficient,Results,1541022232,6,2,False
1,7,dh6i9btd,77,mnEfficient,Decisions,1541022236,4,3,False
1,7,dh6i9btd,78,mnEfficient,Filler,1541022237,1,3,False
1,7,dh6i9btd,79,mnEfficient,Results,1541022245,8,3,False
1,7,dh6i9btd,81,mnEfficient,Decisions,1541022255,10,4,False
1,7,dh6i9btd,82,mnEfficient,Filler,1541022256,1,4,False
1,7,dh6i9btd,83,mnEfficient,Results,1541022261,5,4,False
1,7,dh6i9btd,85,mnEfficient,Decisions,1541022266,5,5,False
1,7,dh6i9btd,86,mnEfficient,Filler,1541022268,2,5,False
1,7,dh6i9btd,87,mnEfficient,Results,1541022272,4,5,False
1,7,dh6i9btd,89,mnEfficient,Decisions,1541022275,3,6,False
1,7,dh6i9btd,90,mnEfficient,Filler,1541022276,1,6,False
1,7,dh6i9btd,91,mnEfficient,Results,1541022283,7,6,False
1,7,dh6i9btd,93,mnEfficient,Decisions,1541022285,2,7,False
1,7,dh6i9btd,94,mnEfficient,Filler,1541022287,2,7,False
1,7,dh6i9btd,95,mnEfficient,Results,1541022293,6,7,False
1,7,dh6i9btd,97,mnEfficient,Decisions,1541022297,4,8,False
1,7,dh6i9btd,98,mnEfficient,Filler,1541022299,2,8,False
1,7,dh6i9btd,99,mnEfficient,Results,1541022307,8,8,False
1,7,dh6i9btd,101,mnEfficient,Decisions,1541022312,5,9,False
1,7,dh6i9btd,102,mnEfficient,Filler,1541022313,1,9,False
1,7,dh6i9btd,103,mnEfficient,Results,1541022320,7,9,False
1,7,dh6i9btd,105,mnEfficient,Decisions,1541022324,4,10,False
1,7,dh6i9btd,106,mnEfficient,Filler,1541022325,1,10,False
1,7,dh6i9btd,107,mnEfficient,Results,1541022330,5,10,False
1,7,dh6i9btd,109,mnEfficient,Decisions,1541022333,3,11,False
1,7,dh6i9btd,110,mnEfficient,Filler,1541022334,1,11,False
1,7,dh6i9btd,111,mnEfficient,Results,1541022339,5,11,False
1,7,dh6i9btd,113,mnEfficient,Decisions,1541022345,6,12,False
1,7,dh6i9btd,114,mnEfficient,Filler,1541022346,1,12,False
1,7,dh6i9btd,115,mnEfficient,Results,1541022355,9,12,False
1,7,dh6i9btd,117,mnEfficient,Decisions,1541022357,2,13,False
1,7,dh6i9btd,118,mnEfficient,Filler,1541022359,2,13,False
1,7,dh6i9btd,119,mnEfficient,Results,1541022360,1,13,False
1,7,dh6i9btd,121,mnEfficient,Decisions,1541022370,10,14,False
1,7,dh6i9btd,122,mnEfficient,Filler,1541022371,1,14,False
1,7,dh6i9btd,123,mnEfficient,Results,1541022373,2,14,False
1,7,dh6i9btd,125,mnEfficient,Decisions,1541022382,9,15,False
1,7,dh6i9btd,126,mnEfficient,Filler,1541022383,1,15,False
1,7,dh6i9btd,127,mnEfficient,Results,1541022390,7,15,False
1,7,dh6i9btd,129,mnEfficient,Decisions,1541022399,9,16,False
1,7,dh6i9btd,130,mnEfficient,Filler,1541022400,1,16,False
1,7,dh6i9btd,131,mnEfficient,Results,1541022408,8,16,False
1,7,dh6i9btd,132,lottery,MyPage,1541022414,6,1,False
1,8,9uflwlzn,1,preQuiz,MyPage,1541019796,1968,1,True
1,8,9uflwlzn,2,preQuiz,Questions,1541020189,393,1,False
1,8,9uflwlzn,3,preQuiz,Answers,1541020205,16,1,False
1,8,9uflwlzn,4,mnDistorted,efficientStart,1541020261,56,1,False
1,8,9uflwlzn,5,mnDistorted,Decisions,1541020453,192,1,False
1,8,9uflwlzn,6,mnDistorted,Filler,1541020456,3,1,False
1,8,9uflwlzn,7,mnDistorted,Results,1541020536,80,1,False
1,8,9uflwlzn,9,mnDistorted,Decisions,1541020598,62,2,False
1,8,9uflwlzn,10,mnDistorted,Filler,1541020600,2,2,False
1,8,9uflwlzn,11,mnDistorted,Results,1541020617,17,2,False
1,8,9uflwlzn,13,mnDistorted,Decisions,1541020678,61,3,False
1,8,9uflwlzn,14,mnDistorted,Filler,1541020680,2,3,False
1,8,9uflwlzn,15,mnDistorted,Results,1541020691,11,3,False
1,8,9uflwlzn,17,mnDistorted,Decisions,1541020731,40,4,False
1,8,9uflwlzn,18,mnDistorted,Filler,1541020734,3,4,False
1,8,9uflwlzn,19,mnDistorted,Results,1541020750,16,4,False
1,8,9uflwlzn,21,mnDistorted,Decisions,1541020819,69,5,False
1,8,9uflwlzn,22,mnDistorted,Filler,1541020820,1,5,False
1,8,9uflwlzn,23,mnDistorted,Results,1541020840,20,5,False
1,8,9uflwlzn,25,mnDistorted,Decisions,1541020919,79,6,False
1,8,9uflwlzn,26,mnDistorted,Filler,1541020921,2,6,False
1,8,9uflwlzn,27,mnDistorted,Results,1541020928,7,6,False
1,8,9uflwlzn,29,mnDistorted,Decisions,1541020944,16,7,False
1,8,9uflwlzn,30,mnDistorted,Filler,1541020946,2,7,False
1,8,9uflwlzn,31,mnDistorted,Results,1541020950,4,7,False
1,8,9uflwlzn,33,mnDistorted,Decisions,1541020955,5,8,False
1,8,9uflwlzn,34,mnDistorted,Filler,1541020957,2,8,False
1,8,9uflwlzn,35,mnDistorted,Results,1541020961,4,8,False
1,8,9uflwlzn,37,mnDistorted,Decisions,1541020967,6,9,False
1,8,9uflwlzn,38,mnDistorted,Filler,1541020969,2,9,False
1,8,9uflwlzn,39,mnDistorted,Results,1541020971,2,9,False
1,8,9uflwlzn,41,mnDistorted,Decisions,1541020998,27,10,False
1,8,9uflwlzn,42,mnDistorted,Filler,1541021000,2,10,False
1,8,9uflwlzn,43,mnDistorted,Results,1541021002,2,10,False
1,8,9uflwlzn,45,mnDistorted,Decisions,1541021006,4,11,False
1,8,9uflwlzn,46,mnDistorted,Filler,1541021010,4,11,False
1,8,9uflwlzn,47,mnDistorted,Results,1541021017,7,11,False
1,8,9uflwlzn,49,mnDistorted,Decisions,1541021039,22,12,False
1,8,9uflwlzn,50,mnDistorted,Filler,1541021041,2,12,False
1,8,9uflwlzn,51,mnDistorted,Results,1541021048,7,12,False
1,8,9uflwlzn,53,mnDistorted,Decisions,1541021059,11,13,False
1,8,9uflwlzn,54,mnDistorted,Filler,1541021061,2,13,False
1,8,9uflwlzn,55,mnDistorted,Results,1541021070,9,13,False
1,8,9uflwlzn,57,mnDistorted,Decisions,1541021076,6,14,False
1,8,9uflwlzn,58,mnDistorted,Filler,1541021078,2,14,False
1,8,9uflwlzn,59,mnDistorted,Results,1541021080,2,14,False
1,8,9uflwlzn,61,mnDistorted,Decisions,1541021085,5,15,False
1,8,9uflwlzn,62,mnDistorted,Filler,1541021086,1,15,False
1,8,9uflwlzn,63,mnDistorted,Results,1541021089,3,15,False
1,8,9uflwlzn,65,mnDistorted,Decisions,1541021094,5,16,False
1,8,9uflwlzn,66,mnDistorted,Filler,1541021095,1,16,False
1,8,9uflwlzn,67,mnDistorted,Results,1541021102,7,16,False
1,8,9uflwlzn,68,mnEfficient,efficientStart,1541021123,21,1,False
1,8,9uflwlzn,69,mnEfficient,Decisions,1541021296,173,1,False
1,8,9uflwlzn,70,mnEfficient,Filler,1541021300,4,1,False
1,8,9uflwlzn,71,mnEfficient,Results,1541021337,37,1,False
1,8,9uflwlzn,73,mnEfficient,Decisions,1541021364,27,2,False
1,8,9uflwlzn,74,mnEfficient,Filler,1541021367,3,2,False
1,8,9uflwlzn,75,mnEfficient,Results,1541021376,9,2,False
1,8,9uflwlzn,77,mnEfficient,Decisions,1541021388,12,3,False
1,8,9uflwlzn,78,mnEfficient,Filler,1541021390,2,3,False
1,8,9uflwlzn,79,mnEfficient,Results,1541021405,15,3,False
1,8,9uflwlzn,81,mnEfficient,Decisions,1541021435,30,4,False
1,8,9uflwlzn,82,mnEfficient,Filler,1541021437,2,4,False
1,8,9uflwlzn,83,mnEfficient,Results,1541021445,8,4,False
1,8,9uflwlzn,85,mnEfficient,Decisions,1541021480,35,5,False
1,8,9uflwlzn,86,mnEfficient,Filler,1541021481,1,5,False
1,8,9uflwlzn,87,mnEfficient,Results,1541021492,11,5,False
1,8,9uflwlzn,89,mnEfficient,Decisions,1541021539,47,6,False
1,8,9uflwlzn,90,mnEfficient,Filler,1541021541,2,6,False
1,8,9uflwlzn,91,mnEfficient,Results,1541021551,10,6,False
1,8,9uflwlzn,93,mnEfficient,Decisions,1541021555,4,7,False
1,8,9uflwlzn,94,mnEfficient,Filler,1541021556,1,7,False
1,8,9uflwlzn,95,mnEfficient,Results,1541021562,6,7,False
1,8,9uflwlzn,97,mnEfficient,Decisions,1541021600,38,8,False
1,8,9uflwlzn,98,mnEfficient,Filler,1541021601,1,8,False
1,8,9uflwlzn,99,mnEfficient,Results,1541021611,10,8,False
1,8,9uflwlzn,101,mnEfficient,Decisions,1541021622,11,9,False
1,8,9uflwlzn,102,mnEfficient,Filler,1541021624,2,9,False
1,8,9uflwlzn,103,mnEfficient,Results,1541021627,3,9,False
1,8,9uflwlzn,105,mnEfficient,Decisions,1541021632,5,10,False
1,8,9uflwlzn,106,mnEfficient,Filler,1541021634,2,10,False
1,8,9uflwlzn,107,mnEfficient,Results,1541021636,2,10,False
1,8,9uflwlzn,109,mnEfficient,Decisions,1541021642,6,11,False
1,8,9uflwlzn,110,mnEfficient,Filler,1541021644,2,11,False
1,8,9uflwlzn,111,mnEfficient,Results,1541021647,3,11,False
1,8,9uflwlzn,113,mnEfficient,Decisions,1541021651,4,12,False
1,8,9uflwlzn,114,mnEfficient,Filler,1541021653,2,12,False
1,8,9uflwlzn,115,mnEfficient,Results,1541021655,2,12,False
1,8,9uflwlzn,117,mnEfficient,Decisions,1541021659,4,13,False
1,8,9uflwlzn,118,mnEfficient,Filler,1541021661,2,13,False
1,8,9uflwlzn,119,mnEfficient,Results,1541021663,2,13,False
1,8,9uflwlzn,121,mnEfficient,Decisions,1541021667,4,14,False
1,8,9uflwlzn,122,mnEfficient,Filler,1541021669,2,14,False
1,8,9uflwlzn,123,mnEfficient,Results,1541021671,2,14,False
1,8,9uflwlzn,125,mnEfficient,Decisions,1541021693,22,15,False
1,8,9uflwlzn,126,mnEfficient,Filler,1541021695,2,15,False
1,8,9uflwlzn,127,mnEfficient,Results,1541021697,2,15,False
1,8,9uflwlzn,129,mnEfficient,Decisions,1541021701,4,16,False
1,8,9uflwlzn,130,mnEfficient,Filler,1541021703,2,16,False
1,8,9uflwlzn,131,mnEfficient,Results,1541021705,2,16,False
1,8,9uflwlzn,132,lottery,MyPage,1541021737,32,1,False
1,9,ewvrux2l,1,preQuiz,MyPage,1541019796,1928,1,True
1,9,ewvrux2l,2,preQuiz,Questions,1541020152,356,1,False
1,9,ewvrux2l,3,preQuiz,Answers,1541020161,9,1,False
1,9,ewvrux2l,4,mnDistorted,efficientStart,1541020167,6,1,False
1,9,ewvrux2l,5,mnDistorted,Decisions,1541020190,23,1,False
1,9,ewvrux2l,6,mnDistorted,Filler,1541020191,1,1,False
1,9,ewvrux2l,7,mnDistorted,Results,1541020197,6,1,False
1,9,ewvrux2l,9,mnDistorted,Decisions,1541020212,15,2,False
1,9,ewvrux2l,10,mnDistorted,Filler,1541020213,1,2,False
1,9,ewvrux2l,11,mnDistorted,Results,1541020215,2,2,False
1,9,ewvrux2l,13,mnDistorted,Decisions,1541020253,38,3,False
1,9,ewvrux2l,14,mnDistorted,Filler,1541020254,1,3,False
1,9,ewvrux2l,15,mnDistorted,Results,1541020262,8,3,False
1,9,ewvrux2l,17,mnDistorted,Decisions,1541020275,13,4,False
1,9,ewvrux2l,18,mnDistorted,Filler,1541020277,2,4,False
1,9,ewvrux2l,19,mnDistorted,Results,1541020278,1,4,False
1,9,ewvrux2l,21,mnDistorted,Decisions,1541020283,5,5,False
1,9,ewvrux2l,22,mnDistorted,Filler,1541020285,2,5,False
1,9,ewvrux2l,23,mnDistorted,Results,1541020286,1,5,False
1,9,ewvrux2l,25,mnDistorted,Decisions,1541020296,10,6,False
1,9,ewvrux2l,26,mnDistorted,Filler,1541020297,1,6,False
1,9,ewvrux2l,27,mnDistorted,Results,1541020301,4,6,False
1,9,ewvrux2l,29,mnDistorted,Decisions,1541020308,7,7,False
1,9,ewvrux2l,30,mnDistorted,Filler,1541020309,1,7,False
1,9,ewvrux2l,31,mnDistorted,Results,1541020311,2,7,False
1,9,ewvrux2l,33,mnDistorted,Decisions,1541020336,25,8,False
1,9,ewvrux2l,34,mnDistorted,Filler,1541020337,1,8,False
1,9,ewvrux2l,35,mnDistorted,Results,1541020338,1,8,False
1,9,ewvrux2l,37,mnDistorted,Decisions,1541020347,9,9,False
1,9,ewvrux2l,38,mnDistorted,Filler,1541020348,1,9,False
1,9,ewvrux2l,39,mnDistorted,Results,1541020350,2,9,False
1,9,ewvrux2l,41,mnDistorted,Decisions,1541020361,11,10,False
1,9,ewvrux2l,42,mnDistorted,Filler,1541020363,2,10,False
1,9,ewvrux2l,43,mnDistorted,Results,1541020365,2,10,False
1,9,ewvrux2l,45,mnDistorted,Decisions,1541020407,42,11,False
1,9,ewvrux2l,46,mnDistorted,Filler,1541020408,1,11,False
1,9,ewvrux2l,47,mnDistorted,Results,1541020411,3,11,False
1,9,ewvrux2l,49,mnDistorted,Decisions,1541020422,11,12,False
1,9,ewvrux2l,50,mnDistorted,Filler,1541020424,2,12,False
1,9,ewvrux2l,51,mnDistorted,Results,1541020425,1,12,False
1,9,ewvrux2l,53,mnDistorted,Decisions,1541020431,6,13,False
1,9,ewvrux2l,54,mnDistorted,Filler,1541020432,1,13,False
1,9,ewvrux2l,55,mnDistorted,Results,1541020434,2,13,False
1,9,ewvrux2l,57,mnDistorted,Decisions,1541020439,5,14,False
1,9,ewvrux2l,58,mnDistorted,Filler,1541020441,2,14,False
1,9,ewvrux2l,59,mnDistorted,Results,1541020442,1,14,False
1,9,ewvrux2l,61,mnDistorted,Decisions,1541020448,6,15,False
1,9,ewvrux2l,62,mnDistorted,Filler,1541020450,2,15,False
1,9,ewvrux2l,63,mnDistorted,Results,1541020451,1,15,False
1,9,ewvrux2l,65,mnDistorted,Decisions,1541020457,6,16,False
1,9,ewvrux2l,66,mnDistorted,Filler,1541020458,1,16,False
1,9,ewvrux2l,67,mnDistorted,Results,1541020460,2,16,False
1,9,ewvrux2l,68,mnEfficient,efficientStart,1541020462,2,1,False
1,9,ewvrux2l,69,mnEfficient,Decisions,1541020479,17,1,False
1,9,ewvrux2l,70,mnEfficient,Filler,1541020481,2,1,False
1,9,ewvrux2l,71,mnEfficient,Results,1541020483,2,1,False
1,9,ewvrux2l,73,mnEfficient,Decisions,1541020490,7,2,False
1,9,ewvrux2l,74,mnEfficient,Filler,1541020491,1,2,False
1,9,ewvrux2l,75,mnEfficient,Results,1541020493,2,2,False
1,9,ewvrux2l,77,mnEfficient,Decisions,1541020498,5,3,False
1,9,ewvrux2l,78,mnEfficient,Filler,1541020499,1,3,False
1,9,ewvrux2l,79,mnEfficient,Results,1541020501,2,3,False
1,9,ewvrux2l,81,mnEfficient,Decisions,1541020508,7,4,False
1,9,ewvrux2l,82,mnEfficient,Filler,1541020510,2,4,False
1,9,ewvrux2l,83,mnEfficient,Results,1541020512,2,4,False
1,9,ewvrux2l,85,mnEfficient,Decisions,1541020533,21,5,False
1,9,ewvrux2l,86,mnEfficient,Filler,1541020534,1,5,False
1,9,ewvrux2l,87,mnEfficient,Results,1541020538,4,5,False
1,9,ewvrux2l,89,mnEfficient,Decisions,1541020549,11,6,False
1,9,ewvrux2l,90,mnEfficient,Filler,1541020551,2,6,False
1,9,ewvrux2l,91,mnEfficient,Results,1541020555,4,6,False
1,9,ewvrux2l,93,mnEfficient,Decisions,1541020558,3,7,False
1,9,ewvrux2l,94,mnEfficient,Filler,1541020559,1,7,False
1,9,ewvrux2l,95,mnEfficient,Results,1541020561,2,7,False
1,9,ewvrux2l,97,mnEfficient,Decisions,1541020566,5,8,False
1,9,ewvrux2l,98,mnEfficient,Filler,1541020567,1,8,False
1,9,ewvrux2l,99,mnEfficient,Results,1541020569,2,8,False
1,9,ewvrux2l,101,mnEfficient,Decisions,1541020573,4,9,False
1,9,ewvrux2l,102,mnEfficient,Filler,1541020574,1,9,False
1,9,ewvrux2l,103,mnEfficient,Results,1541020576,2,9,False
1,9,ewvrux2l,105,mnEfficient,Decisions,1541020580,4,10,False
1,9,ewvrux2l,106,mnEfficient,Filler,1541020581,1,10,False
1,9,ewvrux2l,107,mnEfficient,Results,1541020582,1,10,False
1,9,ewvrux2l,109,mnEfficient,Decisions,1541020586,4,11,False
1,9,ewvrux2l,110,mnEfficient,Filler,1541020587,1,11,False
1,9,ewvrux2l,111,mnEfficient,Results,1541020589,2,11,False
1,9,ewvrux2l,113,mnEfficient,Decisions,1541020593,4,12,False
1,9,ewvrux2l,114,mnEfficient,Filler,1541020594,1,12,False
1,9,ewvrux2l,115,mnEfficient,Results,1541020596,2,12,False
1,9,ewvrux2l,117,mnEfficient,Decisions,1541020599,3,13,False
1,9,ewvrux2l,118,mnEfficient,Filler,1541020600,1,13,False
1,9,ewvrux2l,119,mnEfficient,Results,1541020601,1,13,False
1,9,ewvrux2l,121,mnEfficient,Decisions,1541020605,4,14,False
1,9,ewvrux2l,122,mnEfficient,Filler,1541020607,2,14,False
1,9,ewvrux2l,123,mnEfficient,Results,1541020608,1,14,False
1,9,ewvrux2l,125,mnEfficient,Decisions,1541020611,3,15,False
1,9,ewvrux2l,126,mnEfficient,Filler,1541020612,1,15,False
1,9,ewvrux2l,127,mnEfficient,Results,1541020614,2,15,False
1,9,ewvrux2l,129,mnEfficient,Decisions,1541020617,3,16,False
1,9,ewvrux2l,130,mnEfficient,Filler,1541020618,1,16,False
1,9,ewvrux2l,131,mnEfficient,Results,1541020620,2,16,False
1,9,ewvrux2l,132,lottery,MyPage,1541020626,6,1,False
1,10,lhlb4qqj,1,preQuiz,MyPage,1541019797,1884,1,True
1,10,lhlb4qqj,2,preQuiz,Questions,1541020215,418,1,False
1,10,lhlb4qqj,3,preQuiz,Answers,1541020235,20,1,False
1,10,lhlb4qqj,4,mnDistorted,efficientStart,1541020263,28,1,False
1,10,lhlb4qqj,5,mnDistorted,Decisions,1541020535,272,1,False
1,10,lhlb4qqj,6,mnDistorted,Filler,1541020537,2,1,False
1,10,lhlb4qqj,7,mnDistorted,Results,1541020549,12,1,False
1,10,lhlb4qqj,9,mnDistorted,Decisions,1541020565,16,2,False
1,10,lhlb4qqj,10,mnDistorted,Filler,1541020567,2,2,False
1,10,lhlb4qqj,11,mnDistorted,Results,1541020570,3,2,False
1,10,lhlb4qqj,13,mnDistorted,Decisions,1541020606,36,3,False
1,10,lhlb4qqj,14,mnDistorted,Filler,1541020608,2,3,False
1,10,lhlb4qqj,15,mnDistorted,Results,1541020610,2,3,False
1,10,lhlb4qqj,17,mnDistorted,Decisions,1541020613,3,4,False
1,10,lhlb4qqj,18,mnDistorted,Filler,1541020615,2,4,False
1,10,lhlb4qqj,19,mnDistorted,Results,1541020617,2,4,False
1,10,lhlb4qqj,21,mnDistorted,Decisions,1541020620,3,5,False
1,10,lhlb4qqj,22,mnDistorted,Filler,1541020621,1,5,False
1,10,lhlb4qqj,23,mnDistorted,Results,1541020625,4,5,False
1,10,lhlb4qqj,25,mnDistorted,Decisions,1541020628,3,6,False
1,10,lhlb4qqj,26,mnDistorted,Filler,1541020630,2,6,False
1,10,lhlb4qqj,27,mnDistorted,Results,1541020631,1,6,False
1,10,lhlb4qqj,29,mnDistorted,Decisions,1541020634,3,7,False
1,10,lhlb4qqj,30,mnDistorted,Filler,1541020636,2,7,False
1,10,lhlb4qqj,31,mnDistorted,Results,1541020644,8,7,False
1,10,lhlb4qqj,33,mnDistorted,Decisions,1541020648,4,8,False
1,10,lhlb4qqj,34,mnDistorted,Filler,1541020650,2,8,False
1,10,lhlb4qqj,35,mnDistorted,Results,1541020652,2,8,False
1,10,lhlb4qqj,37,mnDistorted,Decisions,1541020655,3,9,False
1,10,lhlb4qqj,38,mnDistorted,Filler,1541020657,2,9,False
1,10,lhlb4qqj,39,mnDistorted,Results,1541020667,10,9,False
1,10,lhlb4qqj,41,mnDistorted,Decisions,1541020671,4,10,False
1,10,lhlb4qqj,42,mnDistorted,Filler,1541020673,2,10,False
1,10,lhlb4qqj,43,mnDistorted,Results,1541020675,2,10,False
1,10,lhlb4qqj,45,mnDistorted,Decisions,1541020678,3,11,False
1,10,lhlb4qqj,46,mnDistorted,Filler,1541020679,1,11,False
1,10,lhlb4qqj,47,mnDistorted,Results,1541020681,2,11,False
1,10,lhlb4qqj,49,mnDistorted,Decisions,1541020684,3,12,False
1,10,lhlb4qqj,50,mnDistorted,Filler,1541020686,2,12,False
1,10,lhlb4qqj,51,mnDistorted,Results,1541020688,2,12,False
1,10,lhlb4qqj,53,mnDistorted,Decisions,1541020691,3,13,False
1,10,lhlb4qqj,54,mnDistorted,Filler,1541020693,2,13,False
1,10,lhlb4qqj,55,mnDistorted,Results,1541020694,1,13,False
1,10,lhlb4qqj,57,mnDistorted,Decisions,1541020697,3,14,False
1,10,lhlb4qqj,58,mnDistorted,Filler,1541020699,2,14,False
1,10,lhlb4qqj,59,mnDistorted,Results,1541020700,1,14,False
1,10,lhlb4qqj,61,mnDistorted,Decisions,1541020704,4,15,False
1,10,lhlb4qqj,62,mnDistorted,Filler,1541020705,1,15,False
1,10,lhlb4qqj,63,mnDistorted,Results,1541020707,2,15,False
1,10,lhlb4qqj,65,mnDistorted,Decisions,1541020710,3,16,False
1,10,lhlb4qqj,66,mnDistorted,Filler,1541020712,2,16,False
1,10,lhlb4qqj,67,mnDistorted,Results,1541020714,2,16,False
1,10,lhlb4qqj,68,mnEfficient,efficientStart,1541020719,5,1,False
1,10,lhlb4qqj,69,mnEfficient,Decisions,1541020892,173,1,False
1,10,lhlb4qqj,70,mnEfficient,Filler,1541020893,1,1,False
1,10,lhlb4qqj,71,mnEfficient,Results,1541020895,2,1,False
1,10,lhlb4qqj,73,mnEfficient,Decisions,1541020906,11,2,False
1,10,lhlb4qqj,74,mnEfficient,Filler,1541020908,2,2,False
1,10,lhlb4qqj,75,mnEfficient,Results,1541020909,1,2,False
1,10,lhlb4qqj,77,mnEfficient,Decisions,1541020913,4,3,False
1,10,lhlb4qqj,78,mnEfficient,Filler,1541020915,2,3,False
1,10,lhlb4qqj,79,mnEfficient,Results,1541020916,1,3,False
1,10,lhlb4qqj,81,mnEfficient,Decisions,1541020920,4,4,False
1,10,lhlb4qqj,82,mnEfficient,Filler,1541020921,1,4,False
1,10,lhlb4qqj,83,mnEfficient,Results,1541020922,1,4,False
1,10,lhlb4qqj,85,mnEfficient,Decisions,1541020926,4,5,False
1,10,lhlb4qqj,86,mnEfficient,Filler,1541020928,2,5,False
1,10,lhlb4qqj,87,mnEfficient,Results,1541020929,1,5,False
1,10,lhlb4qqj,89,mnEfficient,Decisions,1541020932,3,6,False
1,10,lhlb4qqj,90,mnEfficient,Filler,1541020934,2,6,False
1,10,lhlb4qqj,91,mnEfficient,Results,1541020935,1,6,False
1,10,lhlb4qqj,93,mnEfficient,Decisions,1541020938,3,7,False
1,10,lhlb4qqj,94,mnEfficient,Filler,1541020941,3,7,False
1,10,lhlb4qqj,95,mnEfficient,Results,1541020943,2,7,False
1,10,lhlb4qqj,97,mnEfficient,Decisions,1541020946,3,8,False
1,10,lhlb4qqj,98,mnEfficient,Filler,1541020947,1,8,False
1,10,lhlb4qqj,99,mnEfficient,Results,1541020949,2,8,False
1,10,lhlb4qqj,101,mnEfficient,Decisions,1541020952,3,9,False
1,10,lhlb4qqj,102,mnEfficient,Filler,1541020954,2,9,False
1,10,lhlb4qqj,103,mnEfficient,Results,1541020955,1,9,False
1,10,lhlb4qqj,105,mnEfficient,Decisions,1541020958,3,10,False
1,10,lhlb4qqj,106,mnEfficient,Filler,1541020959,1,10,False
1,10,lhlb4qqj,107,mnEfficient,Results,1541020961,2,10,False
1,10,lhlb4qqj,109,mnEfficient,Decisions,1541020963,2,11,False
1,10,lhlb4qqj,110,mnEfficient,Filler,1541020969,6,11,False
1,10,lhlb4qqj,111,mnEfficient,Results,1541020971,2,11,False
1,10,lhlb4qqj,113,mnEfficient,Decisions,1541020973,2,12,False
1,10,lhlb4qqj,114,mnEfficient,Filler,1541020975,2,12,False
1,10,lhlb4qqj,115,mnEfficient,Results,1541020977,2,12,False
1,10,lhlb4qqj,117,mnEfficient,Decisions,1541020980,3,13,False
1,10,lhlb4qqj,118,mnEfficient,Filler,1541020981,1,13,False
1,10,lhlb4qqj,119,mnEfficient,Results,1541020983,2,13,False
1,10,lhlb4qqj,121,mnEfficient,Decisions,1541020985,2,14,False
1,10,lhlb4qqj,122,mnEfficient,Filler,1541020987,2,14,False
1,10,lhlb4qqj,123,mnEfficient,Results,1541020988,1,14,False
1,10,lhlb4qqj,125,mnEfficient,Decisions,1541020991,3,15,False
1,10,lhlb4qqj,126,mnEfficient,Filler,1541020992,1,15,False
1,10,lhlb4qqj,127,mnEfficient,Results,1541020993,1,15,False
1,10,lhlb4qqj,129,mnEfficient,Decisions,1541020996,3,16,False
1,10,lhlb4qqj,130,mnEfficient,Filler,1541020998,2,16,False
1,10,lhlb4qqj,131,mnEfficient,Results,1541020999,1,16,False
1,10,lhlb4qqj,132,lottery,MyPage,1541021032,33,1,False
1,11,f3jtxj2v,1,preQuiz,MyPage,1541019797,1842,1,True
1,11,f3jtxj2v,2,preQuiz,Questions,1541020506,709,1,False
1,11,f3jtxj2v,3,preQuiz,Answers,1541020512,6,1,False
1,11,f3jtxj2v,4,mnDistorted,efficientStart,1541020535,23,1,False
1,11,f3jtxj2v,5,mnDistorted,Decisions,1541020783,248,1,False
1,11,f3jtxj2v,6,mnDistorted,Filler,1541020785,2,1,False
1,11,f3jtxj2v,7,mnDistorted,Results,1541020791,6,1,False
1,11,f3jtxj2v,9,mnDistorted,Decisions,1541020894,103,2,False
1,11,f3jtxj2v,10,mnDistorted,Filler,1541020897,3,2,False
1,11,f3jtxj2v,11,mnDistorted,Results,1541020901,4,2,False
1,11,f3jtxj2v,13,mnDistorted,Decisions,1541020930,29,3,False
1,11,f3jtxj2v,14,mnDistorted,Filler,1541020932,2,3,False
1,11,f3jtxj2v,15,mnDistorted,Results,1541020933,1,3,False
1,11,f3jtxj2v,17,mnDistorted,Decisions,1541020978,45,4,False
1,11,f3jtxj2v,18,mnDistorted,Filler,1541020980,2,4,False
1,11,f3jtxj2v,19,mnDistorted,Results,1541020983,3,4,False
1,11,f3jtxj2v,21,mnDistorted,Decisions,1541020989,6,5,False
1,11,f3jtxj2v,22,mnDistorted,Filler,1541020991,2,5,False
1,11,f3jtxj2v,23,mnDistorted,Results,1541021000,9,5,False
1,11,f3jtxj2v,25,mnDistorted,Decisions,1541021014,14,6,False
1,11,f3jtxj2v,26,mnDistorted,Filler,1541021015,1,6,False
1,11,f3jtxj2v,27,mnDistorted,Results,1541021020,5,6,False
1,11,f3jtxj2v,29,mnDistorted,Decisions,1541021050,30,7,False
1,11,f3jtxj2v,30,mnDistorted,Filler,1541021051,1,7,False
1,11,f3jtxj2v,31,mnDistorted,Results,1541021056,5,7,False
1,11,f3jtxj2v,33,mnDistorted,Decisions,1541021062,6,8,False
1,11,f3jtxj2v,34,mnDistorted,Filler,1541021063,1,8,False
1,11,f3jtxj2v,35,mnDistorted,Results,1541021065,2,8,False
1,11,f3jtxj2v,37,mnDistorted,Decisions,1541021103,38,9,False
1,11,f3jtxj2v,38,mnDistorted,Filler,1541021105,2,9,False
1,11,f3jtxj2v,39,mnDistorted,Results,1541021107,2,9,False
1,11,f3jtxj2v,41,mnDistorted,Decisions,1541021117,10,10,False
1,11,f3jtxj2v,42,mnDistorted,Filler,1541021118,1,10,False
1,11,f3jtxj2v,43,mnDistorted,Results,1541021121,3,10,False
1,11,f3jtxj2v,45,mnDistorted,Decisions,1541021165,44,11,False
1,11,f3jtxj2v,46,mnDistorted,Filler,1541021167,2,11,False
1,11,f3jtxj2v,47,mnDistorted,Results,1541021169,2,11,False
1,11,f3jtxj2v,49,mnDistorted,Decisions,1541021180,11,12,False
1,11,f3jtxj2v,50,mnDistorted,Filler,1541021181,1,12,False
1,11,f3jtxj2v,51,mnDistorted,Results,1541021184,3,12,False
1,11,f3jtxj2v,53,mnDistorted,Decisions,1541021190,6,13,False
1,11,f3jtxj2v,54,mnDistorted,Filler,1541021192,2,13,False
1,11,f3jtxj2v,55,mnDistorted,Results,1541021197,5,13,False
1,11,f3jtxj2v,57,mnDistorted,Decisions,1541021208,11,14,False
1,11,f3jtxj2v,58,mnDistorted,Filler,1541021210,2,14,False
1,11,f3jtxj2v,59,mnDistorted,Results,1541021213,3,14,False
1,11,f3jtxj2v,61,mnDistorted,Decisions,1541021229,16,15,False
1,11,f3jtxj2v,62,mnDistorted,Filler,1541021231,2,15,False
1,11,f3jtxj2v,63,mnDistorted,Results,1541021233,2,15,False
1,11,f3jtxj2v,65,mnDistorted,Decisions,1541021245,12,16,False
1,11,f3jtxj2v,66,mnDistorted,Filler,1541021246,1,16,False
1,11,f3jtxj2v,67,mnDistorted,Results,1541021248,2,16,False
1,11,f3jtxj2v,68,mnEfficient,efficientStart,1541021253,5,1,False
1,11,f3jtxj2v,69,mnEfficient,Decisions,1541021306,53,1,False
1,11,f3jtxj2v,70,mnEfficient,Filler,1541021307,1,1,False
1,11,f3jtxj2v,71,mnEfficient,Results,1541021310,3,1,False
1,11,f3jtxj2v,73,mnEfficient,Decisions,1541021383,73,2,False
1,11,f3jtxj2v,74,mnEfficient,Filler,1541021385,2,2,False
1,11,f3jtxj2v,75,mnEfficient,Results,1541021387,2,2,False
1,11,f3jtxj2v,77,mnEfficient,Decisions,1541021430,43,3,False
1,11,f3jtxj2v,78,mnEfficient,Filler,1541021432,2,3,False
1,11,f3jtxj2v,79,mnEfficient,Results,1541021434,2,3,False
1,11,f3jtxj2v,81,mnEfficient,Decisions,1541021439,5,4,False
1,11,f3jtxj2v,82,mnEfficient,Filler,1541021440,1,4,False
1,11,f3jtxj2v,83,mnEfficient,Results,1541021442,2,4,False
1,11,f3jtxj2v,85,mnEfficient,Decisions,1541021446,4,5,False
1,11,f3jtxj2v,86,mnEfficient,Filler,1541021448,2,5,False
1,11,f3jtxj2v,87,mnEfficient,Results,1541021450,2,5,False
1,11,f3jtxj2v,89,mnEfficient,Decisions,1541021454,4,6,False
1,11,f3jtxj2v,90,mnEfficient,Filler,1541021457,3,6,False
1,11,f3jtxj2v,91,mnEfficient,Results,1541021459,2,6,False
1,11,f3jtxj2v,93,mnEfficient,Decisions,1541021462,3,7,False
1,11,f3jtxj2v,94,mnEfficient,Filler,1541021464,2,7,False
1,11,f3jtxj2v,95,mnEfficient,Results,1541021466,2,7,False
1,11,f3jtxj2v,97,mnEfficient,Decisions,1541021475,9,8,False
1,11,f3jtxj2v,98,mnEfficient,Filler,1541021477,2,8,False
1,11,f3jtxj2v,99,mnEfficient,Results,1541021479,2,8,False
1,11,f3jtxj2v,101,mnEfficient,Decisions,1541021483,4,9,False
1,11,f3jtxj2v,102,mnEfficient,Filler,1541021484,1,9,False
1,11,f3jtxj2v,103,mnEfficient,Results,1541021486,2,9,False
1,11,f3jtxj2v,105,mnEfficient,Decisions,1541021490,4,10,False
1,11,f3jtxj2v,106,mnEfficient,Filler,1541021491,1,10,False
1,11,f3jtxj2v,107,mnEfficient,Results,1541021493,2,10,False
1,11,f3jtxj2v,109,mnEfficient,Decisions,1541021496,3,11,False
1,11,f3jtxj2v,110,mnEfficient,Filler,1541021498,2,11,False
1,11,f3jtxj2v,111,mnEfficient,Results,1541021500,2,11,False
1,11,f3jtxj2v,113,mnEfficient,Decisions,1541021503,3,12,False
1,11,f3jtxj2v,114,mnEfficient,Filler,1541021504,1,12,False
1,11,f3jtxj2v,115,mnEfficient,Results,1541021506,2,12,False
1,11,f3jtxj2v,117,mnEfficient,Decisions,1541021512,6,13,False
1,11,f3jtxj2v,118,mnEfficient,Filler,1541021514,2,13,False
1,11,f3jtxj2v,119,mnEfficient,Results,1541021521,7,13,False
1,11,f3jtxj2v,121,mnEfficient,Decisions,1541021525,4,14,False
1,11,f3jtxj2v,122,mnEfficient,Filler,1541021526,1,14,False
1,11,f3jtxj2v,123,mnEfficient,Results,1541021530,4,14,False
1,11,f3jtxj2v,125,mnEfficient,Decisions,1541021535,5,15,False
1,11,f3jtxj2v,126,mnEfficient,Filler,1541021536,1,15,False
1,11,f3jtxj2v,127,mnEfficient,Results,1541021538,2,15,False
1,11,f3jtxj2v,129,mnEfficient,Decisions,1541021542,4,16,False
1,11,f3jtxj2v,130,mnEfficient,Filler,1541021543,1,16,False
1,11,f3jtxj2v,131,mnEfficient,Results,1541021545,2,16,False
1,11,f3jtxj2v,132,lottery,MyPage,1541021548,3,1,False
