session_id,participant__id_in_session,participant__code,page_index,app_name,page_name,time_stamp,seconds_on_page,subsession_pk,auto_submitted
2,1,1boxpy5b,1,preQuiz,MyPage,1541103268,1844,2,True
2,1,1boxpy5b,2,preQuiz,Questions,1541103835,567,2,False
2,1,1boxpy5b,3,preQuiz,Answers,1541103843,8,2,False
2,1,1boxpy5b,4,mnDistorted,efficientStart,1541103894,51,17,False
2,1,1boxpy5b,5,mnDistorted,Decisions,1541103955,61,17,False
2,1,1boxpy5b,6,mnDistorted,Filler,1541103957,2,17,False
2,1,1boxpy5b,7,mnDistorted,Results,1541103972,15,17,False
2,1,1boxpy5b,9,mnDistorted,Decisions,1541104005,33,18,False
2,1,1boxpy5b,10,mnDistorted,Filler,1541104007,2,18,False
2,1,1boxpy5b,11,mnDistorted,Results,1541104014,7,18,False
2,1,1boxpy5b,13,mnDistorted,Decisions,1541104023,9,19,False
2,1,1boxpy5b,14,mnDistorted,Filler,1541104025,2,19,False
2,1,1boxpy5b,15,mnDistorted,Results,1541104029,4,19,False
2,1,1boxpy5b,17,mnDistorted,Decisions,1541104038,9,20,False
2,1,1boxpy5b,18,mnDistorted,Filler,1541104044,6,20,False
2,1,1boxpy5b,19,mnDistorted,Results,1541104053,9,20,False
2,1,1boxpy5b,21,mnDistorted,Decisions,1541104064,11,21,False
2,1,1boxpy5b,22,mnDistorted,Filler,1541104066,2,21,False
2,1,1boxpy5b,23,mnDistorted,Results,1541104068,2,21,False
2,1,1boxpy5b,25,mnDistorted,Decisions,1541104076,8,22,False
2,1,1boxpy5b,26,mnDistorted,Filler,1541104078,2,22,False
2,1,1boxpy5b,27,mnDistorted,Results,1541104088,10,22,False
2,1,1boxpy5b,29,mnDistorted,Decisions,1541104108,20,23,False
2,1,1boxpy5b,30,mnDistorted,Filler,1541104110,2,23,False
2,1,1boxpy5b,31,mnDistorted,Results,1541104122,12,23,False
2,1,1boxpy5b,33,mnDistorted,Decisions,1541104135,13,24,False
2,1,1boxpy5b,34,mnDistorted,Filler,1541104137,2,24,False
2,1,1boxpy5b,35,mnDistorted,Results,1541104145,8,24,False
2,1,1boxpy5b,37,mnDistorted,Decisions,1541104273,128,25,False
2,1,1boxpy5b,38,mnDistorted,Filler,1541104275,2,25,False
2,1,1boxpy5b,39,mnDistorted,Results,1541104280,5,25,False
2,1,1boxpy5b,41,mnDistorted,Decisions,1541104289,9,26,False
2,1,1boxpy5b,42,mnDistorted,Filler,1541104291,2,26,False
2,1,1boxpy5b,43,mnDistorted,Results,1541104292,1,26,False
2,1,1boxpy5b,45,mnDistorted,Decisions,1541104298,6,27,False
2,1,1boxpy5b,46,mnDistorted,Filler,1541104299,1,27,False
2,1,1boxpy5b,47,mnDistorted,Results,1541104302,3,27,False
2,1,1boxpy5b,49,mnDistorted,Decisions,1541104313,11,28,False
2,1,1boxpy5b,50,mnDistorted,Filler,1541104315,2,28,False
2,1,1boxpy5b,51,mnDistorted,Results,1541104317,2,28,False
2,1,1boxpy5b,53,mnDistorted,Decisions,1541104325,8,29,False
2,1,1boxpy5b,54,mnDistorted,Filler,1541104326,1,29,False
2,1,1boxpy5b,55,mnDistorted,Results,1541104329,3,29,False
2,1,1boxpy5b,57,mnDistorted,Decisions,1541104334,5,30,False
2,1,1boxpy5b,58,mnDistorted,Filler,1541104336,2,30,False
2,1,1boxpy5b,59,mnDistorted,Results,1541104339,3,30,False
2,1,1boxpy5b,61,mnDistorted,Decisions,1541104353,14,31,False
2,1,1boxpy5b,62,mnDistorted,Filler,1541104354,1,31,False
2,1,1boxpy5b,63,mnDistorted,Results,1541104356,2,31,False
2,1,1boxpy5b,65,mnDistorted,Decisions,1541104374,18,32,False
2,1,1boxpy5b,66,mnDistorted,Filler,1541104375,1,32,False
2,1,1boxpy5b,67,mnDistorted,Results,1541104377,2,32,False
2,1,1boxpy5b,68,mnEfficient,efficientStart,1541104401,24,17,False
2,1,1boxpy5b,69,mnEfficient,Decisions,1541104482,81,17,False
2,1,1boxpy5b,70,mnEfficient,Filler,1541104484,2,17,False
2,1,1boxpy5b,71,mnEfficient,Results,1541104504,20,17,False
2,1,1boxpy5b,73,mnEfficient,Decisions,1541104552,48,18,False
2,1,1boxpy5b,74,mnEfficient,Filler,1541104553,1,18,False
2,1,1boxpy5b,75,mnEfficient,Results,1541104558,5,18,False
2,1,1boxpy5b,77,mnEfficient,Decisions,1541104570,12,19,False
2,1,1boxpy5b,78,mnEfficient,Filler,1541104572,2,19,False
2,1,1boxpy5b,79,mnEfficient,Results,1541104574,2,19,False
2,1,1boxpy5b,81,mnEfficient,Decisions,1541104630,56,20,False
2,1,1boxpy5b,82,mnEfficient,Filler,1541104632,2,20,False
2,1,1boxpy5b,83,mnEfficient,Results,1541104634,2,20,False
2,1,1boxpy5b,85,mnEfficient,Decisions,1541104640,6,21,False
2,1,1boxpy5b,86,mnEfficient,Filler,1541104642,2,21,False
2,1,1boxpy5b,87,mnEfficient,Results,1541104647,5,21,False
2,1,1boxpy5b,89,mnEfficient,Decisions,1541104772,125,22,False
2,1,1boxpy5b,90,mnEfficient,Filler,1541104774,2,22,False
2,1,1boxpy5b,91,mnEfficient,Results,1541104776,2,22,False
2,1,1boxpy5b,93,mnEfficient,Decisions,1541104912,136,23,False
2,1,1boxpy5b,94,mnEfficient,Filler,1541104915,3,23,False
2,1,1boxpy5b,95,mnEfficient,Results,1541104916,1,23,False
2,1,1boxpy5b,97,mnEfficient,Decisions,1541104921,5,24,False
2,1,1boxpy5b,98,mnEfficient,Filler,1541104922,1,24,False
2,1,1boxpy5b,99,mnEfficient,Results,1541104927,5,24,False
2,1,1boxpy5b,101,mnEfficient,Decisions,1541104934,7,25,False
2,1,1boxpy5b,102,mnEfficient,Filler,1541104936,2,25,False
2,1,1boxpy5b,103,mnEfficient,Results,1541104937,1,25,False
2,1,1boxpy5b,105,mnEfficient,Decisions,1541104948,11,26,False
2,1,1boxpy5b,106,mnEfficient,Filler,1541104950,2,26,False
2,1,1boxpy5b,107,mnEfficient,Results,1541104951,1,26,False
2,1,1boxpy5b,109,mnEfficient,Decisions,1541104958,7,27,False
2,1,1boxpy5b,110,mnEfficient,Filler,1541104959,1,27,False
2,1,1boxpy5b,111,mnEfficient,Results,1541104962,3,27,False
2,1,1boxpy5b,113,mnEfficient,Decisions,1541104969,7,28,False
2,1,1boxpy5b,114,mnEfficient,Filler,1541104971,2,28,False
2,1,1boxpy5b,115,mnEfficient,Results,1541104973,2,28,False
2,1,1boxpy5b,117,mnEfficient,Decisions,1541104978,5,29,False
2,1,1boxpy5b,118,mnEfficient,Filler,1541104980,2,29,False
2,1,1boxpy5b,119,mnEfficient,Results,1541104982,2,29,False
2,1,1boxpy5b,121,mnEfficient,Decisions,1541104991,9,30,False
2,1,1boxpy5b,122,mnEfficient,Filler,1541104992,1,30,False
2,1,1boxpy5b,123,mnEfficient,Results,1541104994,2,30,False
2,1,1boxpy5b,125,mnEfficient,Decisions,1541105005,11,31,False
2,1,1boxpy5b,126,mnEfficient,Filler,1541105006,1,31,False
2,1,1boxpy5b,127,mnEfficient,Results,1541105008,2,31,False
2,1,1boxpy5b,129,mnEfficient,Decisions,1541105013,5,32,False
2,1,1boxpy5b,130,mnEfficient,Filler,1541105015,2,32,False
2,1,1boxpy5b,131,mnEfficient,Results,1541105016,1,32,False
2,1,1boxpy5b,132,lottery,MyPage,1541105019,3,2,False
2,2,t9doqnzp,1,preQuiz,MyPage,1541103269,1694,2,True
2,2,t9doqnzp,2,preQuiz,Questions,1541104196,927,2,False
2,2,t9doqnzp,3,preQuiz,Answers,1541104213,17,2,False
2,2,t9doqnzp,4,mnDistorted,efficientStart,1541104241,28,17,False
2,2,t9doqnzp,5,mnDistorted,Decisions,1541104817,576,17,False
2,2,t9doqnzp,6,mnDistorted,Filler,1541104819,2,17,False
2,2,t9doqnzp,7,mnDistorted,Results,1541104842,23,17,False
2,2,t9doqnzp,9,mnDistorted,Decisions,1541104857,15,18,False
2,2,t9doqnzp,10,mnDistorted,Filler,1541104859,2,18,False
2,2,t9doqnzp,11,mnDistorted,Results,1541104882,23,18,False
2,2,t9doqnzp,13,mnDistorted,Decisions,1541104893,11,19,False
2,2,t9doqnzp,14,mnDistorted,Filler,1541104895,2,19,False
2,2,t9doqnzp,15,mnDistorted,Results,1541104901,6,19,False
2,2,t9doqnzp,17,mnDistorted,Decisions,1541104908,7,20,False
2,2,t9doqnzp,18,mnDistorted,Filler,1541104910,2,20,False
2,2,t9doqnzp,19,mnDistorted,Results,1541104915,5,20,False
2,2,t9doqnzp,21,mnDistorted,Decisions,1541104920,5,21,False
2,2,t9doqnzp,22,mnDistorted,Filler,1541104922,2,21,False
2,2,t9doqnzp,23,mnDistorted,Results,1541104927,5,21,False
2,2,t9doqnzp,25,mnDistorted,Decisions,1541104932,5,22,False
2,2,t9doqnzp,26,mnDistorted,Filler,1541104934,2,22,False
2,2,t9doqnzp,27,mnDistorted,Results,1541104961,27,22,False
2,2,t9doqnzp,29,mnDistorted,Decisions,1541104967,6,23,False
2,2,t9doqnzp,30,mnDistorted,Filler,1541104969,2,23,False
2,2,t9doqnzp,31,mnDistorted,Results,1541104973,4,23,False
2,2,t9doqnzp,33,mnDistorted,Decisions,1541104978,5,24,False
2,2,t9doqnzp,34,mnDistorted,Filler,1541104980,2,24,False
2,2,t9doqnzp,35,mnDistorted,Results,1541104983,3,24,False
2,2,t9doqnzp,37,mnDistorted,Decisions,1541104989,6,25,False
2,2,t9doqnzp,38,mnDistorted,Filler,1541104991,2,25,False
2,2,t9doqnzp,39,mnDistorted,Results,1541104997,6,25,False
2,2,t9doqnzp,41,mnDistorted,Decisions,1541105002,5,26,False
2,2,t9doqnzp,42,mnDistorted,Filler,1541105003,1,26,False
2,2,t9doqnzp,43,mnDistorted,Results,1541105016,13,26,False
2,2,t9doqnzp,45,mnDistorted,Decisions,1541105021,5,27,False
2,2,t9doqnzp,46,mnDistorted,Filler,1541105022,1,27,False
2,2,t9doqnzp,47,mnDistorted,Results,1541105025,3,27,False
2,2,t9doqnzp,49,mnDistorted,Decisions,1541105032,7,28,False
2,2,t9doqnzp,50,mnDistorted,Filler,1541105033,1,28,False
2,2,t9doqnzp,51,mnDistorted,Results,1541105037,4,28,False
2,2,t9doqnzp,53,mnDistorted,Decisions,1541105043,6,29,False
2,2,t9doqnzp,54,mnDistorted,Filler,1541105044,1,29,False
2,2,t9doqnzp,55,mnDistorted,Results,1541105048,4,29,False
2,2,t9doqnzp,57,mnDistorted,Decisions,1541105054,6,30,False
2,2,t9doqnzp,58,mnDistorted,Filler,1541105056,2,30,False
2,2,t9doqnzp,59,mnDistorted,Results,1541105063,7,30,False
2,2,t9doqnzp,61,mnDistorted,Decisions,1541105080,17,31,False
2,2,t9doqnzp,62,mnDistorted,Filler,1541105081,1,31,False
2,2,t9doqnzp,63,mnDistorted,Results,1541105084,3,31,False
2,2,t9doqnzp,65,mnDistorted,Decisions,1541105092,8,32,False
2,2,t9doqnzp,66,mnDistorted,Filler,1541105093,1,32,False
2,2,t9doqnzp,67,mnDistorted,Results,1541105095,2,32,False
2,2,t9doqnzp,68,mnEfficient,efficientStart,1541105117,22,17,False
2,2,t9doqnzp,69,mnEfficient,Decisions,1541105336,219,17,False
2,2,t9doqnzp,70,mnEfficient,Filler,1541105337,1,17,False
2,2,t9doqnzp,71,mnEfficient,Results,1541105340,3,17,False
2,2,t9doqnzp,73,mnEfficient,Decisions,1541105346,6,18,False
2,2,t9doqnzp,74,mnEfficient,Filler,1541105347,1,18,False
2,2,t9doqnzp,75,mnEfficient,Results,1541105352,5,18,False
2,2,t9doqnzp,77,mnEfficient,Decisions,1541105358,6,19,False
2,2,t9doqnzp,78,mnEfficient,Filler,1541105360,2,19,False
2,2,t9doqnzp,79,mnEfficient,Results,1541105363,3,19,False
2,2,t9doqnzp,81,mnEfficient,Decisions,1541105369,6,20,False
2,2,t9doqnzp,82,mnEfficient,Filler,1541105371,2,20,False
2,2,t9doqnzp,83,mnEfficient,Results,1541105377,6,20,False
2,2,t9doqnzp,85,mnEfficient,Decisions,1541105389,12,21,False
2,2,t9doqnzp,86,mnEfficient,Filler,1541105401,12,21,False
2,2,t9doqnzp,87,mnEfficient,Results,1541105405,4,21,False
2,2,t9doqnzp,89,mnEfficient,Decisions,1541105411,6,22,False
2,2,t9doqnzp,90,mnEfficient,Filler,1541105413,2,22,False
2,2,t9doqnzp,91,mnEfficient,Results,1541105417,4,22,False
2,2,t9doqnzp,93,mnEfficient,Decisions,1541105425,8,23,False
2,2,t9doqnzp,94,mnEfficient,Filler,1541105426,1,23,False
2,2,t9doqnzp,95,mnEfficient,Results,1541105429,3,23,False
2,2,t9doqnzp,97,mnEfficient,Decisions,1541105438,9,24,False
2,2,t9doqnzp,98,mnEfficient,Filler,1541105440,2,24,False
2,2,t9doqnzp,99,mnEfficient,Results,1541105442,2,24,False
2,2,t9doqnzp,101,mnEfficient,Decisions,1541105448,6,25,False
2,2,t9doqnzp,102,mnEfficient,Filler,1541105449,1,25,False
2,2,t9doqnzp,103,mnEfficient,Results,1541105451,2,25,False
2,2,t9doqnzp,105,mnEfficient,Decisions,1541105458,7,26,False
2,2,t9doqnzp,106,mnEfficient,Filler,1541105459,1,26,False
2,2,t9doqnzp,107,mnEfficient,Results,1541105464,5,26,False
2,2,t9doqnzp,109,mnEfficient,Decisions,1541105472,8,27,False
2,2,t9doqnzp,110,mnEfficient,Filler,1541105473,1,27,False
2,2,t9doqnzp,111,mnEfficient,Results,1541105476,3,27,False
2,2,t9doqnzp,113,mnEfficient,Decisions,1541105483,7,28,False
2,2,t9doqnzp,114,mnEfficient,Filler,1541105485,2,28,False
2,2,t9doqnzp,115,mnEfficient,Results,1541105488,3,28,False
2,2,t9doqnzp,117,mnEfficient,Decisions,1541105494,6,29,False
2,2,t9doqnzp,118,mnEfficient,Filler,1541105497,3,29,False
2,2,t9doqnzp,119,mnEfficient,Results,1541105500,3,29,False
2,2,t9doqnzp,121,mnEfficient,Decisions,1541105507,7,30,False
2,2,t9doqnzp,122,mnEfficient,Filler,1541105508,1,30,False
2,2,t9doqnzp,123,mnEfficient,Results,1541105511,3,30,False
2,2,t9doqnzp,125,mnEfficient,Decisions,1541105517,6,31,False
2,2,t9doqnzp,126,mnEfficient,Filler,1541105518,1,31,False
2,2,t9doqnzp,127,mnEfficient,Results,1541105521,3,31,False
2,2,t9doqnzp,129,mnEfficient,Decisions,1541105528,7,32,False
2,2,t9doqnzp,130,mnEfficient,Filler,1541105529,1,32,False
2,2,t9doqnzp,131,mnEfficient,Results,1541105532,3,32,False
2,2,t9doqnzp,132,lottery,MyPage,1541105533,1,2,False
2,3,s8zkeg84,1,preQuiz,MyPage,1541103269,1649,2,True
2,3,s8zkeg84,2,preQuiz,Questions,1541104410,1141,2,False
2,3,s8zkeg84,3,preQuiz,Answers,1541104415,5,2,False
2,3,s8zkeg84,4,mnDistorted,efficientStart,1541104436,21,17,False
2,3,s8zkeg84,5,mnDistorted,Decisions,1541104646,210,17,False
2,3,s8zkeg84,6,mnDistorted,Filler,1541104649,3,17,False
2,3,s8zkeg84,7,mnDistorted,Results,1541104666,17,17,False
2,3,s8zkeg84,9,mnDistorted,Decisions,1541104762,96,18,False
2,3,s8zkeg84,10,mnDistorted,Filler,1541104765,3,18,False
2,3,s8zkeg84,11,mnDistorted,Results,1541104773,8,18,False
2,3,s8zkeg84,13,mnDistorted,Decisions,1541104870,97,19,False
2,3,s8zkeg84,14,mnDistorted,Filler,1541104872,2,19,False
2,3,s8zkeg84,15,mnDistorted,Results,1541104883,11,19,False
2,3,s8zkeg84,17,mnDistorted,Decisions,1541105002,119,20,False
2,3,s8zkeg84,18,mnDistorted,Filler,1541105004,2,20,False
2,3,s8zkeg84,19,mnDistorted,Results,1541105016,12,20,False
2,3,s8zkeg84,21,mnDistorted,Decisions,1541105029,13,21,False
2,3,s8zkeg84,22,mnDistorted,Filler,1541105031,2,21,False
2,3,s8zkeg84,23,mnDistorted,Results,1541105034,3,21,False
2,3,s8zkeg84,25,mnDistorted,Decisions,1541105046,12,22,False
2,3,s8zkeg84,26,mnDistorted,Filler,1541105048,2,22,False
2,3,s8zkeg84,27,mnDistorted,Results,1541105051,3,22,False
2,3,s8zkeg84,29,mnDistorted,Decisions,1541105089,38,23,False
2,3,s8zkeg84,30,mnDistorted,Filler,1541105091,2,23,False
2,3,s8zkeg84,31,mnDistorted,Results,1541105093,2,23,False
2,3,s8zkeg84,33,mnDistorted,Decisions,1541105105,12,24,False
2,3,s8zkeg84,34,mnDistorted,Filler,1541105107,2,24,False
2,3,s8zkeg84,35,mnDistorted,Results,1541105110,3,24,False
2,3,s8zkeg84,37,mnDistorted,Decisions,1541105119,9,25,False
2,3,s8zkeg84,38,mnDistorted,Filler,1541105121,2,25,False
2,3,s8zkeg84,39,mnDistorted,Results,1541105123,2,25,False
2,3,s8zkeg84,41,mnDistorted,Decisions,1541105131,8,26,False
2,3,s8zkeg84,42,mnDistorted,Filler,1541105133,2,26,False
2,3,s8zkeg84,43,mnDistorted,Results,1541105135,2,26,False
2,3,s8zkeg84,45,mnDistorted,Decisions,1541105143,8,27,False
2,3,s8zkeg84,46,mnDistorted,Filler,1541105146,3,27,False
2,3,s8zkeg84,47,mnDistorted,Results,1541105148,2,27,False
2,3,s8zkeg84,49,mnDistorted,Decisions,1541105154,6,28,False
2,3,s8zkeg84,50,mnDistorted,Filler,1541105155,1,28,False
2,3,s8zkeg84,51,mnDistorted,Results,1541105158,3,28,False
2,3,s8zkeg84,53,mnDistorted,Decisions,1541105164,6,29,False
2,3,s8zkeg84,54,mnDistorted,Filler,1541105166,2,29,False
2,3,s8zkeg84,55,mnDistorted,Results,1541105170,4,29,False
2,3,s8zkeg84,57,mnDistorted,Decisions,1541105175,5,30,False
2,3,s8zkeg84,58,mnDistorted,Filler,1541105177,2,30,False
2,3,s8zkeg84,59,mnDistorted,Results,1541105179,2,30,False
2,3,s8zkeg84,61,mnDistorted,Decisions,1541105190,11,31,False
2,3,s8zkeg84,62,mnDistorted,Filler,1541105192,2,31,False
2,3,s8zkeg84,63,mnDistorted,Results,1541105196,4,31,False
2,3,s8zkeg84,65,mnDistorted,Decisions,1541105202,6,32,False
2,3,s8zkeg84,66,mnDistorted,Filler,1541105205,3,32,False
2,3,s8zkeg84,67,mnDistorted,Results,1541105207,2,32,False
2,3,s8zkeg84,68,mnEfficient,efficientStart,1541105211,4,17,False
2,3,s8zkeg84,69,mnEfficient,Decisions,1541105540,329,17,False
2,3,s8zkeg84,70,mnEfficient,Filler,1541105541,1,17,False
2,3,s8zkeg84,71,mnEfficient,Results,1541105554,13,17,False
2,3,s8zkeg84,73,mnEfficient,Decisions,1541105561,7,18,False
2,3,s8zkeg84,74,mnEfficient,Filler,1541105563,2,18,False
2,3,s8zkeg84,75,mnEfficient,Results,1541105565,2,18,False
2,3,s8zkeg84,77,mnEfficient,Decisions,1541105573,8,19,False
2,3,s8zkeg84,78,mnEfficient,Filler,1541105576,3,19,False
2,3,s8zkeg84,79,mnEfficient,Results,1541105578,2,19,False
2,3,s8zkeg84,81,mnEfficient,Decisions,1541105589,11,20,False
2,3,s8zkeg84,82,mnEfficient,Filler,1541105591,2,20,False
2,3,s8zkeg84,83,mnEfficient,Results,1541105594,3,20,False
2,3,s8zkeg84,85,mnEfficient,Decisions,1541105615,21,21,False
2,3,s8zkeg84,86,mnEfficient,Filler,1541105617,2,21,False
2,3,s8zkeg84,87,mnEfficient,Results,1541105619,2,21,False
2,3,s8zkeg84,89,mnEfficient,Decisions,1541105627,8,22,False
2,3,s8zkeg84,90,mnEfficient,Filler,1541105629,2,22,False
2,3,s8zkeg84,91,mnEfficient,Results,1541105634,5,22,False
2,3,s8zkeg84,93,mnEfficient,Decisions,1541105645,11,23,False
2,3,s8zkeg84,94,mnEfficient,Filler,1541105646,1,23,False
2,3,s8zkeg84,95,mnEfficient,Results,1541105650,4,23,False
2,3,s8zkeg84,97,mnEfficient,Decisions,1541105670,20,24,False
2,3,s8zkeg84,98,mnEfficient,Filler,1541105671,1,24,False
2,3,s8zkeg84,99,mnEfficient,Results,1541105674,3,24,False
2,3,s8zkeg84,101,mnEfficient,Decisions,1541105687,13,25,False
2,3,s8zkeg84,102,mnEfficient,Filler,1541105689,2,25,False
2,3,s8zkeg84,103,mnEfficient,Results,1541105693,4,25,False
2,3,s8zkeg84,105,mnEfficient,Decisions,1541105708,15,26,False
2,3,s8zkeg84,106,mnEfficient,Filler,1541105710,2,26,False
2,3,s8zkeg84,107,mnEfficient,Results,1541105712,2,26,False
2,3,s8zkeg84,109,mnEfficient,Decisions,1541105720,8,27,False
2,3,s8zkeg84,110,mnEfficient,Filler,1541105721,1,27,False
2,3,s8zkeg84,111,mnEfficient,Results,1541105725,4,27,False
2,3,s8zkeg84,113,mnEfficient,Decisions,1541105733,8,28,False
2,3,s8zkeg84,114,mnEfficient,Filler,1541105735,2,28,False
2,3,s8zkeg84,115,mnEfficient,Results,1541105737,2,28,False
2,3,s8zkeg84,117,mnEfficient,Decisions,1541105742,5,29,False
2,3,s8zkeg84,118,mnEfficient,Filler,1541105744,2,29,False
2,3,s8zkeg84,119,mnEfficient,Results,1541105746,2,29,False
2,3,s8zkeg84,121,mnEfficient,Decisions,1541105754,8,30,False
2,3,s8zkeg84,122,mnEfficient,Filler,1541105756,2,30,False
2,3,s8zkeg84,123,mnEfficient,Results,1541105758,2,30,False
2,3,s8zkeg84,125,mnEfficient,Decisions,1541105763,5,31,False
2,3,s8zkeg84,126,mnEfficient,Filler,1541105764,1,31,False
2,3,s8zkeg84,127,mnEfficient,Results,1541105766,2,31,False
2,3,s8zkeg84,129,mnEfficient,Decisions,1541105772,6,32,False
2,3,s8zkeg84,130,mnEfficient,Filler,1541105774,2,32,False
2,3,s8zkeg84,131,mnEfficient,Results,1541105779,5,32,False
2,3,s8zkeg84,132,lottery,MyPage,1541105785,6,2,False
2,4,hex63rrz,1,preQuiz,MyPage,1541103269,1581,2,True
2,4,hex63rrz,2,preQuiz,Questions,1541103683,414,2,False
2,4,hex63rrz,3,preQuiz,Answers,1541103727,44,2,False
2,4,hex63rrz,4,mnDistorted,efficientStart,1541103740,13,17,False
2,4,hex63rrz,5,mnDistorted,Decisions,1541103821,81,17,False
2,4,hex63rrz,6,mnDistorted,Filler,1541103823,2,17,False
2,4,hex63rrz,7,mnDistorted,Results,1541103830,7,17,False
2,4,hex63rrz,9,mnDistorted,Decisions,1541103973,143,18,False
2,4,hex63rrz,10,mnDistorted,Filler,1541103975,2,18,False
2,4,hex63rrz,11,mnDistorted,Results,1541103980,5,18,False
2,4,hex63rrz,13,mnDistorted,Decisions,1541104044,64,19,False
2,4,hex63rrz,14,mnDistorted,Filler,1541104046,2,19,False
2,4,hex63rrz,15,mnDistorted,Results,1541104052,6,19,False
2,4,hex63rrz,17,mnDistorted,Decisions,1541104191,139,20,False
2,4,hex63rrz,18,mnDistorted,Filler,1541104193,2,20,False
2,4,hex63rrz,19,mnDistorted,Results,1541104211,18,20,False
2,4,hex63rrz,21,mnDistorted,Decisions,1541104239,28,21,False
2,4,hex63rrz,22,mnDistorted,Filler,1541104241,2,21,False
2,4,hex63rrz,23,mnDistorted,Results,1541104246,5,21,False
2,4,hex63rrz,25,mnDistorted,Decisions,1541104253,7,22,False
2,4,hex63rrz,26,mnDistorted,Filler,1541104254,1,22,False
2,4,hex63rrz,27,mnDistorted,Results,1541104257,3,22,False
2,4,hex63rrz,29,mnDistorted,Decisions,1541104298,41,23,False
2,4,hex63rrz,30,mnDistorted,Filler,1541104300,2,23,False
2,4,hex63rrz,31,mnDistorted,Results,1541104305,5,23,False
2,4,hex63rrz,33,mnDistorted,Decisions,1541104317,12,24,False
2,4,hex63rrz,34,mnDistorted,Filler,1541104318,1,24,False
2,4,hex63rrz,35,mnDistorted,Results,1541104322,4,24,False
2,4,hex63rrz,37,mnDistorted,Decisions,1541104327,5,25,False
2,4,hex63rrz,38,mnDistorted,Filler,1541104329,2,25,False
2,4,hex63rrz,39,mnDistorted,Results,1541104331,2,25,False
2,4,hex63rrz,41,mnDistorted,Decisions,1541104343,12,26,False
2,4,hex63rrz,42,mnDistorted,Filler,1541104344,1,26,False
2,4,hex63rrz,43,mnDistorted,Results,1541104347,3,26,False
2,4,hex63rrz,45,mnDistorted,Decisions,1541104352,5,27,False
2,4,hex63rrz,46,mnDistorted,Filler,1541104357,5,27,False
2,4,hex63rrz,47,mnDistorted,Results,1541104359,2,27,False
2,4,hex63rrz,49,mnDistorted,Decisions,1541104367,8,28,False
2,4,hex63rrz,50,mnDistorted,Filler,1541104369,2,28,False
2,4,hex63rrz,51,mnDistorted,Results,1541104370,1,28,False
2,4,hex63rrz,53,mnDistorted,Decisions,1541104386,16,29,False
2,4,hex63rrz,54,mnDistorted,Filler,1541104387,1,29,False
2,4,hex63rrz,55,mnDistorted,Results,1541104389,2,29,False
2,4,hex63rrz,57,mnDistorted,Decisions,1541104393,4,30,False
2,4,hex63rrz,58,mnDistorted,Filler,1541104394,1,30,False
2,4,hex63rrz,59,mnDistorted,Results,1541104396,2,30,False
2,4,hex63rrz,61,mnDistorted,Decisions,1541104400,4,31,False
2,4,hex63rrz,62,mnDistorted,Filler,1541104402,2,31,False
2,4,hex63rrz,63,mnDistorted,Results,1541104403,1,31,False
2,4,hex63rrz,65,mnDistorted,Decisions,1541104410,7,32,False
2,4,hex63rrz,66,mnDistorted,Filler,1541104412,2,32,False
2,4,hex63rrz,67,mnDistorted,Results,1541104418,6,32,False
2,4,hex63rrz,68,mnEfficient,efficientStart,1541104421,3,17,False
2,4,hex63rrz,69,mnEfficient,Decisions,1541104617,196,17,False
2,4,hex63rrz,70,mnEfficient,Filler,1541104619,2,17,False
2,4,hex63rrz,71,mnEfficient,Results,1541104620,1,17,False
2,4,hex63rrz,73,mnEfficient,Decisions,1541104626,6,18,False
2,4,hex63rrz,74,mnEfficient,Filler,1541104627,1,18,False
2,4,hex63rrz,75,mnEfficient,Results,1541104632,5,18,False
2,4,hex63rrz,77,mnEfficient,Decisions,1541104679,47,19,False
2,4,hex63rrz,78,mnEfficient,Filler,1541104681,2,19,False
2,4,hex63rrz,79,mnEfficient,Results,1541104683,2,19,False
2,4,hex63rrz,81,mnEfficient,Decisions,1541104718,35,20,False
2,4,hex63rrz,82,mnEfficient,Filler,1541104720,2,20,False
2,4,hex63rrz,83,mnEfficient,Results,1541104722,2,20,False
2,4,hex63rrz,85,mnEfficient,Decisions,1541104730,8,21,False
2,4,hex63rrz,86,mnEfficient,Filler,1541104732,2,21,False
2,4,hex63rrz,87,mnEfficient,Results,1541104752,20,21,False
2,4,hex63rrz,89,mnEfficient,Decisions,1541104833,81,22,False
2,4,hex63rrz,90,mnEfficient,Filler,1541104834,1,22,False
2,4,hex63rrz,91,mnEfficient,Results,1541104837,3,22,False
2,4,hex63rrz,93,mnEfficient,Decisions,1541104887,50,23,False
2,4,hex63rrz,94,mnEfficient,Filler,1541104889,2,23,False
2,4,hex63rrz,95,mnEfficient,Results,1541104897,8,23,False
2,4,hex63rrz,97,mnEfficient,Decisions,1541104946,49,24,False
2,4,hex63rrz,98,mnEfficient,Filler,1541104948,2,24,False
2,4,hex63rrz,99,mnEfficient,Results,1541104949,1,24,False
2,4,hex63rrz,101,mnEfficient,Decisions,1541104955,6,25,False
2,4,hex63rrz,102,mnEfficient,Filler,1541104956,1,25,False
2,4,hex63rrz,103,mnEfficient,Results,1541104957,1,25,False
2,4,hex63rrz,105,mnEfficient,Decisions,1541104962,5,26,False
2,4,hex63rrz,106,mnEfficient,Filler,1541104964,2,26,False
2,4,hex63rrz,107,mnEfficient,Results,1541104966,2,26,False
2,4,hex63rrz,109,mnEfficient,Decisions,1541104972,6,27,False
2,4,hex63rrz,110,mnEfficient,Filler,1541104973,1,27,False
2,4,hex63rrz,111,mnEfficient,Results,1541104976,3,27,False
2,4,hex63rrz,113,mnEfficient,Decisions,1541104981,5,28,False
2,4,hex63rrz,114,mnEfficient,Filler,1541104983,2,28,False
2,4,hex63rrz,115,mnEfficient,Results,1541104987,4,28,False
2,4,hex63rrz,117,mnEfficient,Decisions,1541104993,6,29,False
2,4,hex63rrz,118,mnEfficient,Filler,1541104995,2,29,False
2,4,hex63rrz,119,mnEfficient,Results,1541104997,2,29,False
2,4,hex63rrz,121,mnEfficient,Decisions,1541105003,6,30,False
2,4,hex63rrz,122,mnEfficient,Filler,1541105004,1,30,False
2,4,hex63rrz,123,mnEfficient,Results,1541105005,1,30,False
2,4,hex63rrz,125,mnEfficient,Decisions,1541105010,5,31,False
2,4,hex63rrz,126,mnEfficient,Filler,1541105012,2,31,False
2,4,hex63rrz,127,mnEfficient,Results,1541105013,1,31,False
2,4,hex63rrz,129,mnEfficient,Decisions,1541105020,7,32,False
2,4,hex63rrz,130,mnEfficient,Filler,1541105022,2,32,False
2,4,hex63rrz,131,mnEfficient,Results,1541105024,2,32,False
2,4,hex63rrz,132,lottery,MyPage,1541105028,4,2,False
2,5,bnoa1qfo,1,preQuiz,MyPage,1541103270,1524,2,True
2,5,bnoa1qfo,2,preQuiz,Questions,1541103931,661,2,False
2,5,bnoa1qfo,3,preQuiz,Answers,1541103956,25,2,False
2,5,bnoa1qfo,4,mnDistorted,efficientStart,1541103987,31,17,False
2,5,bnoa1qfo,5,mnDistorted,Decisions,1541104009,22,17,False
2,5,bnoa1qfo,6,mnDistorted,Filler,1541104011,2,17,False
2,5,bnoa1qfo,7,mnDistorted,Results,1541104016,5,17,False
2,5,bnoa1qfo,9,mnDistorted,Decisions,1541104072,56,18,False
2,5,bnoa1qfo,10,mnDistorted,Filler,1541104075,3,18,False
2,5,bnoa1qfo,11,mnDistorted,Results,1541104108,33,18,False
2,5,bnoa1qfo,13,mnDistorted,Decisions,1541104192,84,19,False
2,5,bnoa1qfo,14,mnDistorted,Filler,1541104194,2,19,False
2,5,bnoa1qfo,15,mnDistorted,Results,1541104198,4,19,False
2,5,bnoa1qfo,17,mnDistorted,Decisions,1541104271,73,20,False
2,5,bnoa1qfo,18,mnDistorted,Filler,1541104273,2,20,False
2,5,bnoa1qfo,19,mnDistorted,Results,1541104275,2,20,False
2,5,bnoa1qfo,21,mnDistorted,Decisions,1541104294,19,21,False
2,5,bnoa1qfo,22,mnDistorted,Filler,1541104296,2,21,False
2,5,bnoa1qfo,23,mnDistorted,Results,1541104305,9,21,False
2,5,bnoa1qfo,25,mnDistorted,Decisions,1541104326,21,22,False
2,5,bnoa1qfo,26,mnDistorted,Filler,1541104328,2,22,False
2,5,bnoa1qfo,27,mnDistorted,Results,1541104331,3,22,False
2,5,bnoa1qfo,29,mnDistorted,Decisions,1541104367,36,23,False
2,5,bnoa1qfo,30,mnDistorted,Filler,1541104368,1,23,False
2,5,bnoa1qfo,31,mnDistorted,Results,1541104373,5,23,False
2,5,bnoa1qfo,33,mnDistorted,Decisions,1541104412,39,24,False
2,5,bnoa1qfo,34,mnDistorted,Filler,1541104414,2,24,False
2,5,bnoa1qfo,35,mnDistorted,Results,1541104416,2,24,False
2,5,bnoa1qfo,37,mnDistorted,Decisions,1541104427,11,25,False
2,5,bnoa1qfo,38,mnDistorted,Filler,1541104429,2,25,False
2,5,bnoa1qfo,39,mnDistorted,Results,1541104436,7,25,False
2,5,bnoa1qfo,41,mnDistorted,Decisions,1541104463,27,26,False
2,5,bnoa1qfo,42,mnDistorted,Filler,1541104465,2,26,False
2,5,bnoa1qfo,43,mnDistorted,Results,1541104467,2,26,False
2,5,bnoa1qfo,45,mnDistorted,Decisions,1541104495,28,27,False
2,5,bnoa1qfo,46,mnDistorted,Filler,1541104496,1,27,False
2,5,bnoa1qfo,47,mnDistorted,Results,1541104498,2,27,False
2,5,bnoa1qfo,49,mnDistorted,Decisions,1541104509,11,28,False
2,5,bnoa1qfo,50,mnDistorted,Filler,1541104510,1,28,False
2,5,bnoa1qfo,51,mnDistorted,Results,1541104512,2,28,False
2,5,bnoa1qfo,53,mnDistorted,Decisions,1541104526,14,29,False
2,5,bnoa1qfo,54,mnDistorted,Filler,1541104528,2,29,False
2,5,bnoa1qfo,55,mnDistorted,Results,1541104530,2,29,False
2,5,bnoa1qfo,57,mnDistorted,Decisions,1541104542,12,30,False
2,5,bnoa1qfo,58,mnDistorted,Filler,1541104543,1,30,False
2,5,bnoa1qfo,59,mnDistorted,Results,1541104545,2,30,False
2,5,bnoa1qfo,61,mnDistorted,Decisions,1541104558,13,31,False
2,5,bnoa1qfo,62,mnDistorted,Filler,1541104559,1,31,False
2,5,bnoa1qfo,63,mnDistorted,Results,1541104564,5,31,False
2,5,bnoa1qfo,65,mnDistorted,Decisions,1541104574,10,32,False
2,5,bnoa1qfo,66,mnDistorted,Filler,1541104576,2,32,False
2,5,bnoa1qfo,67,mnDistorted,Results,1541104578,2,32,False
2,5,bnoa1qfo,68,mnEfficient,efficientStart,1541104582,4,17,False
2,5,bnoa1qfo,69,mnEfficient,Decisions,1541104645,63,17,False
2,5,bnoa1qfo,70,mnEfficient,Filler,1541104646,1,17,False
2,5,bnoa1qfo,71,mnEfficient,Results,1541104649,3,17,False
2,5,bnoa1qfo,73,mnEfficient,Decisions,1541104675,26,18,False
2,5,bnoa1qfo,74,mnEfficient,Filler,1541104677,2,18,False
2,5,bnoa1qfo,75,mnEfficient,Results,1541104679,2,18,False
2,5,bnoa1qfo,77,mnEfficient,Decisions,1541104704,25,19,False
2,5,bnoa1qfo,78,mnEfficient,Filler,1541104705,1,19,False
2,5,bnoa1qfo,79,mnEfficient,Results,1541104707,2,19,False
2,5,bnoa1qfo,81,mnEfficient,Decisions,1541104715,8,20,False
2,5,bnoa1qfo,82,mnEfficient,Filler,1541104716,1,20,False
2,5,bnoa1qfo,83,mnEfficient,Results,1541104718,2,20,False
2,5,bnoa1qfo,85,mnEfficient,Decisions,1541104750,32,21,False
2,5,bnoa1qfo,86,mnEfficient,Filler,1541104752,2,21,False
2,5,bnoa1qfo,87,mnEfficient,Results,1541104754,2,21,False
2,5,bnoa1qfo,89,mnEfficient,Decisions,1541104787,33,22,False
2,5,bnoa1qfo,90,mnEfficient,Filler,1541104789,2,22,False
2,5,bnoa1qfo,91,mnEfficient,Results,1541104791,2,22,False
2,5,bnoa1qfo,93,mnEfficient,Decisions,1541104811,20,23,False
2,5,bnoa1qfo,94,mnEfficient,Filler,1541104812,1,23,False
2,5,bnoa1qfo,95,mnEfficient,Results,1541104815,3,23,False
2,5,bnoa1qfo,97,mnEfficient,Decisions,1541104818,3,24,False
2,5,bnoa1qfo,98,mnEfficient,Filler,1541104820,2,24,False
2,5,bnoa1qfo,99,mnEfficient,Results,1541104824,4,24,False
2,5,bnoa1qfo,101,mnEfficient,Decisions,1541104847,23,25,False
2,5,bnoa1qfo,102,mnEfficient,Filler,1541104848,1,25,False
2,5,bnoa1qfo,103,mnEfficient,Results,1541104850,2,25,False
2,5,bnoa1qfo,105,mnEfficient,Decisions,1541104892,42,26,False
2,5,bnoa1qfo,106,mnEfficient,Filler,1541104894,2,26,False
2,5,bnoa1qfo,107,mnEfficient,Results,1541104896,2,26,False
2,5,bnoa1qfo,109,mnEfficient,Decisions,1541104928,32,27,False
2,5,bnoa1qfo,110,mnEfficient,Filler,1541104929,1,27,False
2,5,bnoa1qfo,111,mnEfficient,Results,1541104931,2,27,False
2,5,bnoa1qfo,113,mnEfficient,Decisions,1541104960,29,28,False
2,5,bnoa1qfo,114,mnEfficient,Filler,1541104962,2,28,False
2,5,bnoa1qfo,115,mnEfficient,Results,1541104964,2,28,False
2,5,bnoa1qfo,117,mnEfficient,Decisions,1541104969,5,29,False
2,5,bnoa1qfo,118,mnEfficient,Filler,1541104971,2,29,False
2,5,bnoa1qfo,119,mnEfficient,Results,1541104973,2,29,False
2,5,bnoa1qfo,121,mnEfficient,Decisions,1541104980,7,30,False
2,5,bnoa1qfo,122,mnEfficient,Filler,1541104981,1,30,False
2,5,bnoa1qfo,123,mnEfficient,Results,1541104984,3,30,False
2,5,bnoa1qfo,125,mnEfficient,Decisions,1541104994,10,31,False
2,5,bnoa1qfo,126,mnEfficient,Filler,1541104996,2,31,False
2,5,bnoa1qfo,127,mnEfficient,Results,1541104998,2,31,False
2,5,bnoa1qfo,129,mnEfficient,Decisions,1541105004,6,32,False
2,5,bnoa1qfo,130,mnEfficient,Filler,1541105006,2,32,False
2,5,bnoa1qfo,131,mnEfficient,Results,1541105008,2,32,False
2,5,bnoa1qfo,132,lottery,MyPage,1541105011,3,2,False
2,6,8wlbfbqz,1,preQuiz,MyPage,1541103270,1474,2,True
2,6,8wlbfbqz,2,preQuiz,Questions,1541103476,206,2,False
2,6,8wlbfbqz,3,preQuiz,Answers,1541103485,9,2,False
2,6,8wlbfbqz,4,mnDistorted,efficientStart,1541103494,9,17,False
2,6,8wlbfbqz,5,mnDistorted,Decisions,1541103856,362,17,False
2,6,8wlbfbqz,6,mnDistorted,Filler,1541103858,2,17,False
2,6,8wlbfbqz,7,mnDistorted,Results,1541103884,26,17,False
2,6,8wlbfbqz,9,mnDistorted,Decisions,1541104027,143,18,False
2,6,8wlbfbqz,10,mnDistorted,Filler,1541104029,2,18,False
2,6,8wlbfbqz,11,mnDistorted,Results,1541104057,28,18,False
2,6,8wlbfbqz,13,mnDistorted,Decisions,1541104112,55,19,False
2,6,8wlbfbqz,14,mnDistorted,Filler,1541104114,2,19,False
2,6,8wlbfbqz,15,mnDistorted,Results,1541104133,19,19,False
2,6,8wlbfbqz,17,mnDistorted,Decisions,1541104155,22,20,False
2,6,8wlbfbqz,18,mnDistorted,Filler,1541104157,2,20,False
2,6,8wlbfbqz,19,mnDistorted,Results,1541104177,20,20,False
2,6,8wlbfbqz,21,mnDistorted,Decisions,1541104197,20,21,False
2,6,8wlbfbqz,22,mnDistorted,Filler,1541104198,1,21,False
2,6,8wlbfbqz,23,mnDistorted,Results,1541104214,16,21,False
2,6,8wlbfbqz,25,mnDistorted,Decisions,1541104261,47,22,False
2,6,8wlbfbqz,26,mnDistorted,Filler,1541104262,1,22,False
2,6,8wlbfbqz,27,mnDistorted,Results,1541104280,18,22,False
2,6,8wlbfbqz,29,mnDistorted,Decisions,1541104303,23,23,False
2,6,8wlbfbqz,30,mnDistorted,Filler,1541104304,1,23,False
2,6,8wlbfbqz,31,mnDistorted,Results,1541104314,10,23,False
2,6,8wlbfbqz,33,mnDistorted,Decisions,1541104319,5,24,False
2,6,8wlbfbqz,34,mnDistorted,Filler,1541104320,1,24,False
2,6,8wlbfbqz,35,mnDistorted,Results,1541104335,15,24,False
2,6,8wlbfbqz,37,mnDistorted,Decisions,1541104338,3,25,False
2,6,8wlbfbqz,38,mnDistorted,Filler,1541104339,1,25,False
2,6,8wlbfbqz,39,mnDistorted,Results,1541104354,15,25,False
2,6,8wlbfbqz,41,mnDistorted,Decisions,1541104465,111,26,False
2,6,8wlbfbqz,42,mnDistorted,Filler,1541104466,1,26,False
2,6,8wlbfbqz,43,mnDistorted,Results,1541104479,13,26,False
2,6,8wlbfbqz,45,mnDistorted,Decisions,1541104530,51,27,False
2,6,8wlbfbqz,46,mnDistorted,Filler,1541104531,1,27,False
2,6,8wlbfbqz,47,mnDistorted,Results,1541104542,11,27,False
2,6,8wlbfbqz,49,mnDistorted,Decisions,1541104553,11,28,False
2,6,8wlbfbqz,50,mnDistorted,Filler,1541104554,1,28,False
2,6,8wlbfbqz,51,mnDistorted,Results,1541104563,9,28,False
2,6,8wlbfbqz,53,mnDistorted,Decisions,1541104599,36,29,False
2,6,8wlbfbqz,54,mnDistorted,Filler,1541104600,1,29,False
2,6,8wlbfbqz,55,mnDistorted,Results,1541104611,11,29,False
2,6,8wlbfbqz,57,mnDistorted,Decisions,1541104625,14,30,False
2,6,8wlbfbqz,58,mnDistorted,Filler,1541104626,1,30,False
2,6,8wlbfbqz,59,mnDistorted,Results,1541104642,16,30,False
2,6,8wlbfbqz,61,mnDistorted,Decisions,1541104708,66,31,False
2,6,8wlbfbqz,62,mnDistorted,Filler,1541104709,1,31,False
2,6,8wlbfbqz,63,mnDistorted,Results,1541104719,10,31,False
2,6,8wlbfbqz,65,mnDistorted,Decisions,1541104727,8,32,False
2,6,8wlbfbqz,66,mnDistorted,Filler,1541104728,1,32,False
2,6,8wlbfbqz,67,mnDistorted,Results,1541104742,14,32,False
2,6,8wlbfbqz,68,mnEfficient,efficientStart,1541104754,12,17,False
2,6,8wlbfbqz,69,mnEfficient,Decisions,1541105032,278,17,False
2,6,8wlbfbqz,70,mnEfficient,Filler,1541105033,1,17,False
2,6,8wlbfbqz,71,mnEfficient,Results,1541105053,20,17,False
2,6,8wlbfbqz,73,mnEfficient,Decisions,1541105218,165,18,False
2,6,8wlbfbqz,74,mnEfficient,Filler,1541105219,1,18,False
2,6,8wlbfbqz,75,mnEfficient,Results,1541105234,15,18,False
2,6,8wlbfbqz,77,mnEfficient,Decisions,1541105278,44,19,False
2,6,8wlbfbqz,78,mnEfficient,Filler,1541105279,1,19,False
2,6,8wlbfbqz,79,mnEfficient,Results,1541105304,25,19,False
2,6,8wlbfbqz,81,mnEfficient,Decisions,1541105365,61,20,False
2,6,8wlbfbqz,82,mnEfficient,Filler,1541105366,1,20,False
2,6,8wlbfbqz,83,mnEfficient,Results,1541105378,12,20,False
2,6,8wlbfbqz,85,mnEfficient,Decisions,1541105383,5,21,False
2,6,8wlbfbqz,86,mnEfficient,Filler,1541105383,0,21,False
2,6,8wlbfbqz,87,mnEfficient,Results,1541105394,11,21,False
2,6,8wlbfbqz,89,mnEfficient,Decisions,1541105398,4,22,False
2,6,8wlbfbqz,90,mnEfficient,Filler,1541105399,1,22,False
2,6,8wlbfbqz,91,mnEfficient,Results,1541105411,12,22,False
2,6,8wlbfbqz,93,mnEfficient,Decisions,1541105415,4,23,False
2,6,8wlbfbqz,94,mnEfficient,Filler,1541105417,2,23,False
2,6,8wlbfbqz,95,mnEfficient,Results,1541105424,7,23,False
2,6,8wlbfbqz,97,mnEfficient,Decisions,1541105428,4,24,False
2,6,8wlbfbqz,98,mnEfficient,Filler,1541105431,3,24,False
2,6,8wlbfbqz,99,mnEfficient,Results,1541105438,7,24,False
2,6,8wlbfbqz,101,mnEfficient,Decisions,1541105443,5,25,False
2,6,8wlbfbqz,102,mnEfficient,Filler,1541105444,1,25,False
2,6,8wlbfbqz,103,mnEfficient,Results,1541105449,5,25,False
2,6,8wlbfbqz,105,mnEfficient,Decisions,1541105453,4,26,False
2,6,8wlbfbqz,106,mnEfficient,Filler,1541105455,2,26,False
2,6,8wlbfbqz,107,mnEfficient,Results,1541105463,8,26,False
2,6,8wlbfbqz,109,mnEfficient,Decisions,1541105467,4,27,False
2,6,8wlbfbqz,110,mnEfficient,Filler,1541105469,2,27,False
2,6,8wlbfbqz,111,mnEfficient,Results,1541105489,20,27,False
2,6,8wlbfbqz,113,mnEfficient,Decisions,1541105494,5,28,False
2,6,8wlbfbqz,114,mnEfficient,Filler,1541105496,2,28,False
2,6,8wlbfbqz,115,mnEfficient,Results,1541105509,13,28,False
2,6,8wlbfbqz,117,mnEfficient,Decisions,1541105513,4,29,False
2,6,8wlbfbqz,118,mnEfficient,Filler,1541105514,1,29,False
2,6,8wlbfbqz,119,mnEfficient,Results,1541105520,6,29,False
2,6,8wlbfbqz,121,mnEfficient,Decisions,1541105523,3,30,False
2,6,8wlbfbqz,122,mnEfficient,Filler,1541105525,2,30,False
2,6,8wlbfbqz,123,mnEfficient,Results,1541105531,6,30,False
2,6,8wlbfbqz,125,mnEfficient,Decisions,1541105535,4,31,False
2,6,8wlbfbqz,126,mnEfficient,Filler,1541105536,1,31,False
2,6,8wlbfbqz,127,mnEfficient,Results,1541105540,4,31,False
2,6,8wlbfbqz,129,mnEfficient,Decisions,1541105545,5,32,False
2,6,8wlbfbqz,130,mnEfficient,Filler,1541105547,2,32,False
2,6,8wlbfbqz,131,mnEfficient,Results,1541105551,4,32,False
2,6,8wlbfbqz,132,lottery,MyPage,1541105555,4,2,False
2,7,sp800p9r,1,preQuiz,MyPage,1541103270,1415,2,True
2,7,sp800p9r,2,preQuiz,Questions,1541104099,829,2,False
2,7,sp800p9r,3,preQuiz,Answers,1541104104,5,2,False
2,7,sp800p9r,4,mnDistorted,efficientStart,1541104126,22,17,False
2,7,sp800p9r,5,mnDistorted,Decisions,1541104416,290,17,False
2,7,sp800p9r,6,mnDistorted,Filler,1541104418,2,17,False
2,7,sp800p9r,7,mnDistorted,Results,1541104429,11,17,False
2,7,sp800p9r,9,mnDistorted,Decisions,1541104641,212,18,False
2,7,sp800p9r,10,mnDistorted,Filler,1541104643,2,18,False
2,7,sp800p9r,11,mnDistorted,Results,1541104652,9,18,False
2,7,sp800p9r,13,mnDistorted,Decisions,1541104905,253,19,False
2,7,sp800p9r,14,mnDistorted,Filler,1541104908,3,19,False
2,7,sp800p9r,15,mnDistorted,Results,1541104923,15,19,False
2,7,sp800p9r,17,mnDistorted,Decisions,1541105064,141,20,False
2,7,sp800p9r,18,mnDistorted,Filler,1541105066,2,20,False
2,7,sp800p9r,19,mnDistorted,Results,1541105071,5,20,False
2,7,sp800p9r,21,mnDistorted,Decisions,1541105129,58,21,False
2,7,sp800p9r,22,mnDistorted,Filler,1541105131,2,21,False
2,7,sp800p9r,23,mnDistorted,Results,1541105138,7,21,False
2,7,sp800p9r,25,mnDistorted,Decisions,1541105359,221,22,False
2,7,sp800p9r,26,mnDistorted,Filler,1541105361,2,22,False
2,7,sp800p9r,27,mnDistorted,Results,1541105364,3,22,False
2,7,sp800p9r,29,mnDistorted,Decisions,1541105615,251,23,False
2,7,sp800p9r,30,mnDistorted,Filler,1541105616,1,23,False
2,7,sp800p9r,31,mnDistorted,Results,1541105618,2,23,False
2,7,sp800p9r,33,mnDistorted,Decisions,1541105642,24,24,False
2,7,sp800p9r,34,mnDistorted,Filler,1541105643,1,24,False
2,7,sp800p9r,35,mnDistorted,Results,1541105650,7,24,False
2,7,sp800p9r,37,mnDistorted,Decisions,1541105790,140,25,False
2,7,sp800p9r,38,mnDistorted,Filler,1541105791,1,25,False
2,7,sp800p9r,39,mnDistorted,Results,1541105792,1,25,False
2,7,sp800p9r,41,mnDistorted,Decisions,1541105865,73,26,False
2,7,sp800p9r,42,mnDistorted,Filler,1541105867,2,26,False
2,7,sp800p9r,43,mnDistorted,Results,1541105868,1,26,False
2,7,sp800p9r,45,mnDistorted,Decisions,1541105957,89,27,False
2,7,sp800p9r,46,mnDistorted,Filler,1541105959,2,27,False
2,7,sp800p9r,47,mnDistorted,Results,1541105961,2,27,False
2,7,sp800p9r,49,mnDistorted,Decisions,1541106019,58,28,False
2,7,sp800p9r,50,mnDistorted,Filler,1541106021,2,28,False
2,7,sp800p9r,51,mnDistorted,Results,1541106023,2,28,False
2,7,sp800p9r,53,mnDistorted,Decisions,1541106071,48,29,False
2,7,sp800p9r,54,mnDistorted,Filler,1541106073,2,29,False
2,7,sp800p9r,55,mnDistorted,Results,1541106075,2,29,False
2,7,sp800p9r,57,mnDistorted,Decisions,1541106112,37,30,False
2,7,sp800p9r,58,mnDistorted,Filler,1541106114,2,30,False
2,7,sp800p9r,59,mnDistorted,Results,1541106122,8,30,False
2,7,sp800p9r,61,mnDistorted,Decisions,1541106134,12,31,False
2,7,sp800p9r,62,mnDistorted,Filler,1541106135,1,31,False
2,7,sp800p9r,63,mnDistorted,Results,1541106138,3,31,False
2,7,sp800p9r,65,mnDistorted,Decisions,1541106178,40,32,False
2,7,sp800p9r,66,mnDistorted,Filler,1541106180,2,32,False
2,7,sp800p9r,67,mnDistorted,Results,1541106182,2,32,False
2,7,sp800p9r,68,mnEfficient,efficientStart,1541106186,4,17,False
2,7,sp800p9r,69,mnEfficient,Decisions,1541106203,17,17,False
2,7,sp800p9r,70,mnEfficient,Filler,1541106205,2,17,False
2,7,sp800p9r,71,mnEfficient,Results,1541106207,2,17,False
2,7,sp800p9r,73,mnEfficient,Decisions,1541106212,5,18,False
2,7,sp800p9r,74,mnEfficient,Filler,1541106213,1,18,False
2,7,sp800p9r,75,mnEfficient,Results,1541106215,2,18,False
2,7,sp800p9r,77,mnEfficient,Decisions,1541106220,5,19,False
2,7,sp800p9r,78,mnEfficient,Filler,1541106221,1,19,False
2,7,sp800p9r,79,mnEfficient,Results,1541106223,2,19,False
2,7,sp800p9r,81,mnEfficient,Decisions,1541106232,9,20,False
2,7,sp800p9r,82,mnEfficient,Filler,1541106234,2,20,False
2,7,sp800p9r,83,mnEfficient,Results,1541106235,1,20,False
2,7,sp800p9r,85,mnEfficient,Decisions,1541106239,4,21,False
2,7,sp800p9r,86,mnEfficient,Filler,1541106240,1,21,False
2,7,sp800p9r,87,mnEfficient,Results,1541106242,2,21,False
2,7,sp800p9r,89,mnEfficient,Decisions,1541106245,3,22,False
2,7,sp800p9r,90,mnEfficient,Filler,1541106247,2,22,False
2,7,sp800p9r,91,mnEfficient,Results,1541106248,1,22,False
2,7,sp800p9r,93,mnEfficient,Decisions,1541106251,3,23,False
2,7,sp800p9r,94,mnEfficient,Filler,1541106253,2,23,False
2,7,sp800p9r,95,mnEfficient,Results,1541106255,2,23,False
2,7,sp800p9r,97,mnEfficient,Decisions,1541106260,5,24,False
2,7,sp800p9r,98,mnEfficient,Filler,1541106261,1,24,False
2,7,sp800p9r,99,mnEfficient,Results,1541106263,2,24,False
2,7,sp800p9r,101,mnEfficient,Decisions,1541106272,9,25,False
2,7,sp800p9r,102,mnEfficient,Filler,1541106273,1,25,False
2,7,sp800p9r,103,mnEfficient,Results,1541106277,4,25,False
2,7,sp800p9r,105,mnEfficient,Decisions,1541106280,3,26,False
2,7,sp800p9r,106,mnEfficient,Filler,1541106282,2,26,False
2,7,sp800p9r,107,mnEfficient,Results,1541106284,2,26,False
2,7,sp800p9r,109,mnEfficient,Decisions,1541106287,3,27,False
2,7,sp800p9r,110,mnEfficient,Filler,1541106288,1,27,False
2,7,sp800p9r,111,mnEfficient,Results,1541106290,2,27,False
2,7,sp800p9r,113,mnEfficient,Decisions,1541106296,6,28,False
2,7,sp800p9r,114,mnEfficient,Filler,1541106298,2,28,False
2,7,sp800p9r,115,mnEfficient,Results,1541106299,1,28,False
2,7,sp800p9r,117,mnEfficient,Decisions,1541106304,5,29,False
2,7,sp800p9r,118,mnEfficient,Filler,1541106305,1,29,False
2,7,sp800p9r,119,mnEfficient,Results,1541106307,2,29,False
2,7,sp800p9r,121,mnEfficient,Decisions,1541106314,7,30,False
2,7,sp800p9r,122,mnEfficient,Filler,1541106315,1,30,False
2,7,sp800p9r,123,mnEfficient,Results,1541106317,2,30,False
2,7,sp800p9r,125,mnEfficient,Decisions,1541106324,7,31,False
2,7,sp800p9r,126,mnEfficient,Filler,1541106325,1,31,False
2,7,sp800p9r,127,mnEfficient,Results,1541106327,2,31,False
2,7,sp800p9r,129,mnEfficient,Decisions,1541106329,2,32,False
2,7,sp800p9r,130,mnEfficient,Filler,1541106330,1,32,False
2,7,sp800p9r,131,mnEfficient,Results,1541106332,2,32,False
2,7,sp800p9r,132,lottery,MyPage,1541106334,2,2,False
2,8,saky8dw7,1,preQuiz,MyPage,1541103271,1361,2,True
2,8,saky8dw7,2,preQuiz,Questions,1541103741,470,2,False
2,8,saky8dw7,3,preQuiz,Answers,1541103750,9,2,False
2,8,saky8dw7,4,mnDistorted,efficientStart,1541103767,17,17,False
2,8,saky8dw7,5,mnDistorted,Decisions,1541103817,50,17,False
2,8,saky8dw7,6,mnDistorted,Filler,1541103819,2,17,False
2,8,saky8dw7,7,mnDistorted,Results,1541103844,25,17,False
2,8,saky8dw7,9,mnDistorted,Decisions,1541103943,99,18,False
2,8,saky8dw7,10,mnDistorted,Filler,1541103945,2,18,False
2,8,saky8dw7,11,mnDistorted,Results,1541103949,4,18,False
2,8,saky8dw7,13,mnDistorted,Decisions,1541104062,113,19,False
2,8,saky8dw7,14,mnDistorted,Filler,1541104063,1,19,False
2,8,saky8dw7,15,mnDistorted,Results,1541104081,18,19,False
2,8,saky8dw7,17,mnDistorted,Decisions,1541104109,28,20,False
2,8,saky8dw7,18,mnDistorted,Filler,1541104110,1,20,False
2,8,saky8dw7,19,mnDistorted,Results,1541104168,58,20,False
2,8,saky8dw7,21,mnDistorted,Decisions,1541104179,11,21,False
2,8,saky8dw7,22,mnDistorted,Filler,1541104181,2,21,False
2,8,saky8dw7,23,mnDistorted,Results,1541104191,10,21,False
2,8,saky8dw7,25,mnDistorted,Decisions,1541104204,13,22,False
2,8,saky8dw7,26,mnDistorted,Filler,1541104206,2,22,False
2,8,saky8dw7,27,mnDistorted,Results,1541104207,1,22,False
2,8,saky8dw7,29,mnDistorted,Decisions,1541104238,31,23,False
2,8,saky8dw7,30,mnDistorted,Filler,1541104239,1,23,False
2,8,saky8dw7,31,mnDistorted,Results,1541104244,5,23,False
2,8,saky8dw7,33,mnDistorted,Decisions,1541104259,15,24,False
2,8,saky8dw7,34,mnDistorted,Filler,1541104262,3,24,False
2,8,saky8dw7,35,mnDistorted,Results,1541104271,9,24,False
2,8,saky8dw7,37,mnDistorted,Decisions,1541104301,30,25,False
2,8,saky8dw7,38,mnDistorted,Filler,1541104302,1,25,False
2,8,saky8dw7,39,mnDistorted,Results,1541104307,5,25,False
2,8,saky8dw7,41,mnDistorted,Decisions,1541104326,19,26,False
2,8,saky8dw7,42,mnDistorted,Filler,1541104327,1,26,False
2,8,saky8dw7,43,mnDistorted,Results,1541104330,3,26,False
2,8,saky8dw7,45,mnDistorted,Decisions,1541104404,74,27,False
2,8,saky8dw7,46,mnDistorted,Filler,1541104406,2,27,False
2,8,saky8dw7,47,mnDistorted,Results,1541104407,1,27,False
2,8,saky8dw7,49,mnDistorted,Decisions,1541104422,15,28,False
2,8,saky8dw7,50,mnDistorted,Filler,1541104423,1,28,False
2,8,saky8dw7,51,mnDistorted,Results,1541104425,2,28,False
2,8,saky8dw7,53,mnDistorted,Decisions,1541104427,2,29,False
2,8,saky8dw7,54,mnDistorted,Filler,1541104429,2,29,False
2,8,saky8dw7,55,mnDistorted,Results,1541104430,1,29,False
2,8,saky8dw7,57,mnDistorted,Decisions,1541104433,3,30,False
2,8,saky8dw7,58,mnDistorted,Filler,1541104434,1,30,False
2,8,saky8dw7,59,mnDistorted,Results,1541104436,2,30,False
2,8,saky8dw7,61,mnDistorted,Decisions,1541104439,3,31,False
2,8,saky8dw7,62,mnDistorted,Filler,1541104440,1,31,False
2,8,saky8dw7,63,mnDistorted,Results,1541104442,2,31,False
2,8,saky8dw7,65,mnDistorted,Decisions,1541104446,4,32,False
2,8,saky8dw7,66,mnDistorted,Filler,1541104448,2,32,False
2,8,saky8dw7,67,mnDistorted,Results,1541104450,2,32,False
2,8,saky8dw7,68,mnEfficient,efficientStart,1541104497,47,17,False
2,8,saky8dw7,69,mnEfficient,Decisions,1541104535,38,17,False
2,8,saky8dw7,70,mnEfficient,Filler,1541104537,2,17,False
2,8,saky8dw7,71,mnEfficient,Results,1541104540,3,17,False
2,8,saky8dw7,73,mnEfficient,Decisions,1541104551,11,18,False
2,8,saky8dw7,74,mnEfficient,Filler,1541104553,2,18,False
2,8,saky8dw7,75,mnEfficient,Results,1541104557,4,18,False
2,8,saky8dw7,77,mnEfficient,Decisions,1541104586,29,19,False
2,8,saky8dw7,78,mnEfficient,Filler,1541104588,2,19,False
2,8,saky8dw7,79,mnEfficient,Results,1541104590,2,19,False
2,8,saky8dw7,81,mnEfficient,Decisions,1541104593,3,20,False
2,8,saky8dw7,82,mnEfficient,Filler,1541104594,1,20,False
2,8,saky8dw7,83,mnEfficient,Results,1541104596,2,20,False
2,8,saky8dw7,85,mnEfficient,Decisions,1541104621,25,21,False
2,8,saky8dw7,86,mnEfficient,Filler,1541104622,1,21,False
2,8,saky8dw7,87,mnEfficient,Results,1541104628,6,21,False
2,8,saky8dw7,89,mnEfficient,Decisions,1541104637,9,22,False
2,8,saky8dw7,90,mnEfficient,Filler,1541104638,1,22,False
2,8,saky8dw7,91,mnEfficient,Results,1541104642,4,22,False
2,8,saky8dw7,93,mnEfficient,Decisions,1541104686,44,23,False
2,8,saky8dw7,94,mnEfficient,Filler,1541104687,1,23,False
2,8,saky8dw7,95,mnEfficient,Results,1541104690,3,23,False
2,8,saky8dw7,97,mnEfficient,Decisions,1541104705,15,24,False
2,8,saky8dw7,98,mnEfficient,Filler,1541104707,2,24,False
2,8,saky8dw7,99,mnEfficient,Results,1541104708,1,24,False
2,8,saky8dw7,101,mnEfficient,Decisions,1541104755,47,25,False
2,8,saky8dw7,102,mnEfficient,Filler,1541104760,5,25,False
2,8,saky8dw7,103,mnEfficient,Results,1541104763,3,25,False
2,8,saky8dw7,105,mnEfficient,Decisions,1541104785,22,26,False
2,8,saky8dw7,106,mnEfficient,Filler,1541104787,2,26,False
2,8,saky8dw7,107,mnEfficient,Results,1541104790,3,26,False
2,8,saky8dw7,109,mnEfficient,Decisions,1541104813,23,27,False
2,8,saky8dw7,110,mnEfficient,Filler,1541104814,1,27,False
2,8,saky8dw7,111,mnEfficient,Results,1541104816,2,27,False
2,8,saky8dw7,113,mnEfficient,Decisions,1541104852,36,28,False
2,8,saky8dw7,114,mnEfficient,Filler,1541104853,1,28,False
2,8,saky8dw7,115,mnEfficient,Results,1541104855,2,28,False
2,8,saky8dw7,117,mnEfficient,Decisions,1541104889,34,29,False
2,8,saky8dw7,118,mnEfficient,Filler,1541104891,2,29,False
2,8,saky8dw7,119,mnEfficient,Results,1541104893,2,29,False
2,8,saky8dw7,121,mnEfficient,Decisions,1541104906,13,30,False
2,8,saky8dw7,122,mnEfficient,Filler,1541104908,2,30,False
2,8,saky8dw7,123,mnEfficient,Results,1541104910,2,30,False
2,8,saky8dw7,125,mnEfficient,Decisions,1541104958,48,31,False
2,8,saky8dw7,126,mnEfficient,Filler,1541104960,2,31,False
2,8,saky8dw7,127,mnEfficient,Results,1541104962,2,31,False
2,8,saky8dw7,129,mnEfficient,Decisions,1541104978,16,32,False
2,8,saky8dw7,130,mnEfficient,Filler,1541104979,1,32,False
2,8,saky8dw7,131,mnEfficient,Results,1541104981,2,32,False
2,8,saky8dw7,132,lottery,MyPage,1541104985,4,2,False
2,9,m9bcbgn5,1,preQuiz,MyPage,1541103271,1301,2,True
2,9,m9bcbgn5,2,preQuiz,Questions,1541103831,560,2,False
2,9,m9bcbgn5,3,preQuiz,Answers,1541103836,5,2,False
2,9,m9bcbgn5,4,mnDistorted,efficientStart,1541103853,17,17,False
2,9,m9bcbgn5,5,mnDistorted,Decisions,1541104189,336,17,False
2,9,m9bcbgn5,6,mnDistorted,Filler,1541104192,3,17,False
2,9,m9bcbgn5,7,mnDistorted,Results,1541104204,12,17,False
2,9,m9bcbgn5,9,mnDistorted,Decisions,1541104568,364,18,False
2,9,m9bcbgn5,10,mnDistorted,Filler,1541104571,3,18,False
2,9,m9bcbgn5,11,mnDistorted,Results,1541104585,14,18,False
2,9,m9bcbgn5,13,mnDistorted,Decisions,1541104682,97,19,False
2,9,m9bcbgn5,14,mnDistorted,Filler,1541104686,4,19,False
2,9,m9bcbgn5,15,mnDistorted,Results,1541104702,16,19,False
2,9,m9bcbgn5,17,mnDistorted,Decisions,1541104731,29,20,False
2,9,m9bcbgn5,18,mnDistorted,Filler,1541104733,2,20,False
2,9,m9bcbgn5,19,mnDistorted,Results,1541104742,9,20,False
2,9,m9bcbgn5,21,mnDistorted,Decisions,1541104862,120,21,False
2,9,m9bcbgn5,22,mnDistorted,Filler,1541104863,1,21,False
2,9,m9bcbgn5,23,mnDistorted,Results,1541104875,12,21,False
2,9,m9bcbgn5,25,mnDistorted,Decisions,1541105036,161,22,False
2,9,m9bcbgn5,26,mnDistorted,Filler,1541105038,2,22,False
2,9,m9bcbgn5,27,mnDistorted,Results,1541105051,13,22,False
2,9,m9bcbgn5,29,mnDistorted,Decisions,1541105056,5,23,False
2,9,m9bcbgn5,30,mnDistorted,Filler,1541105058,2,23,False
2,9,m9bcbgn5,31,mnDistorted,Results,1541105063,5,23,False
2,9,m9bcbgn5,33,mnDistorted,Decisions,1541105074,11,24,False
2,9,m9bcbgn5,34,mnDistorted,Filler,1541105075,1,24,False
2,9,m9bcbgn5,35,mnDistorted,Results,1541105085,10,24,False
2,9,m9bcbgn5,37,mnDistorted,Decisions,1541105156,71,25,False
2,9,m9bcbgn5,38,mnDistorted,Filler,1541105158,2,25,False
2,9,m9bcbgn5,39,mnDistorted,Results,1541105175,17,25,False
2,9,m9bcbgn5,41,mnDistorted,Decisions,1541105264,89,26,False
2,9,m9bcbgn5,42,mnDistorted,Filler,1541105266,2,26,False
2,9,m9bcbgn5,43,mnDistorted,Results,1541105285,19,26,False
2,9,m9bcbgn5,45,mnDistorted,Decisions,1541105379,94,27,False
2,9,m9bcbgn5,46,mnDistorted,Filler,1541105380,1,27,False
2,9,m9bcbgn5,47,mnDistorted,Results,1541105393,13,27,False
2,9,m9bcbgn5,49,mnDistorted,Decisions,1541105409,16,28,False
2,9,m9bcbgn5,50,mnDistorted,Filler,1541105410,1,28,False
2,9,m9bcbgn5,51,mnDistorted,Results,1541105418,8,28,False
2,9,m9bcbgn5,53,mnDistorted,Decisions,1541105432,14,29,False
2,9,m9bcbgn5,54,mnDistorted,Filler,1541105434,2,29,False
2,9,m9bcbgn5,55,mnDistorted,Results,1541105447,13,29,False
2,9,m9bcbgn5,57,mnDistorted,Decisions,1541105483,36,30,False
2,9,m9bcbgn5,58,mnDistorted,Filler,1541105484,1,30,False
2,9,m9bcbgn5,59,mnDistorted,Results,1541105487,3,30,False
2,9,m9bcbgn5,61,mnDistorted,Decisions,1541105503,16,31,False
2,9,m9bcbgn5,62,mnDistorted,Filler,1541105505,2,31,False
2,9,m9bcbgn5,63,mnDistorted,Results,1541105517,12,31,False
2,9,m9bcbgn5,65,mnDistorted,Decisions,1541105532,15,32,False
2,9,m9bcbgn5,66,mnDistorted,Filler,1541105534,2,32,False
2,9,m9bcbgn5,67,mnDistorted,Results,1541105545,11,32,False
2,9,m9bcbgn5,68,mnEfficient,efficientStart,1541105550,5,17,False
2,9,m9bcbgn5,69,mnEfficient,Decisions,1541105765,215,17,False
2,9,m9bcbgn5,70,mnEfficient,Filler,1541105768,3,17,False
2,9,m9bcbgn5,71,mnEfficient,Results,1541105797,29,17,False
2,9,m9bcbgn5,73,mnEfficient,Decisions,1541105838,41,18,False
2,9,m9bcbgn5,74,mnEfficient,Filler,1541105839,1,18,False
2,9,m9bcbgn5,75,mnEfficient,Results,1541105852,13,18,False
2,9,m9bcbgn5,77,mnEfficient,Decisions,1541105862,10,19,False
2,9,m9bcbgn5,78,mnEfficient,Filler,1541105864,2,19,False
2,9,m9bcbgn5,79,mnEfficient,Results,1541105868,4,19,False
2,9,m9bcbgn5,81,mnEfficient,Decisions,1541105906,38,20,False
2,9,m9bcbgn5,82,mnEfficient,Filler,1541105908,2,20,False
2,9,m9bcbgn5,83,mnEfficient,Results,1541105916,8,20,False
2,9,m9bcbgn5,85,mnEfficient,Decisions,1541105924,8,21,False
2,9,m9bcbgn5,86,mnEfficient,Filler,1541105926,2,21,False
2,9,m9bcbgn5,87,mnEfficient,Results,1541105934,8,21,False
2,9,m9bcbgn5,89,mnEfficient,Decisions,1541105958,24,22,False
2,9,m9bcbgn5,90,mnEfficient,Filler,1541105959,1,22,False
2,9,m9bcbgn5,91,mnEfficient,Results,1541105962,3,22,False
2,9,m9bcbgn5,93,mnEfficient,Decisions,1541105970,8,23,False
2,9,m9bcbgn5,94,mnEfficient,Filler,1541105973,3,23,False
2,9,m9bcbgn5,95,mnEfficient,Results,1541105975,2,23,False
2,9,m9bcbgn5,97,mnEfficient,Decisions,1541105980,5,24,False
2,9,m9bcbgn5,98,mnEfficient,Filler,1541105981,1,24,False
2,9,m9bcbgn5,99,mnEfficient,Results,1541105994,13,24,False
2,9,m9bcbgn5,101,mnEfficient,Decisions,1541106000,6,25,False
2,9,m9bcbgn5,102,mnEfficient,Filler,1541106002,2,25,False
2,9,m9bcbgn5,103,mnEfficient,Results,1541106004,2,25,False
2,9,m9bcbgn5,105,mnEfficient,Decisions,1541106008,4,26,False
2,9,m9bcbgn5,106,mnEfficient,Filler,1541106009,1,26,False
2,9,m9bcbgn5,107,mnEfficient,Results,1541106011,2,26,False
2,9,m9bcbgn5,109,mnEfficient,Decisions,1541106014,3,27,False
2,9,m9bcbgn5,110,mnEfficient,Filler,1541106016,2,27,False
2,9,m9bcbgn5,111,mnEfficient,Results,1541106018,2,27,False
2,9,m9bcbgn5,113,mnEfficient,Decisions,1541106023,5,28,False
2,9,m9bcbgn5,114,mnEfficient,Filler,1541106024,1,28,False
2,9,m9bcbgn5,115,mnEfficient,Results,1541106027,3,28,False
2,9,m9bcbgn5,117,mnEfficient,Decisions,1541106031,4,29,False
2,9,m9bcbgn5,118,mnEfficient,Filler,1541106032,1,29,False
2,9,m9bcbgn5,119,mnEfficient,Results,1541106034,2,29,False
2,9,m9bcbgn5,121,mnEfficient,Decisions,1541106039,5,30,False
2,9,m9bcbgn5,122,mnEfficient,Filler,1541106041,2,30,False
2,9,m9bcbgn5,123,mnEfficient,Results,1541106043,2,30,False
2,9,m9bcbgn5,125,mnEfficient,Decisions,1541106050,7,31,False
2,9,m9bcbgn5,126,mnEfficient,Filler,1541106051,1,31,False
2,9,m9bcbgn5,127,mnEfficient,Results,1541106053,2,31,False
2,9,m9bcbgn5,129,mnEfficient,Decisions,1541106083,30,32,False
2,9,m9bcbgn5,130,mnEfficient,Filler,1541106085,2,32,False
2,9,m9bcbgn5,131,mnEfficient,Results,1541106087,2,32,False
2,9,m9bcbgn5,132,lottery,MyPage,1541106093,6,2,False
2,10,vzg7a0ro,1,preQuiz,MyPage,1541103272,1233,2,True
2,10,vzg7a0ro,2,preQuiz,Questions,1541103836,564,2,False
2,10,vzg7a0ro,3,preQuiz,Answers,1541103843,7,2,False
2,10,vzg7a0ro,4,mnDistorted,efficientStart,1541103849,6,17,False
2,10,vzg7a0ro,5,mnDistorted,Decisions,1541103856,7,17,False
2,10,vzg7a0ro,6,mnDistorted,Filler,1541103860,4,17,False
2,10,vzg7a0ro,7,mnDistorted,Results,1541103871,11,17,False
2,10,vzg7a0ro,9,mnDistorted,Decisions,1541103942,71,18,False
2,10,vzg7a0ro,10,mnDistorted,Filler,1541103944,2,18,False
2,10,vzg7a0ro,11,mnDistorted,Results,1541103949,5,18,False
2,10,vzg7a0ro,13,mnDistorted,Decisions,1541103971,22,19,False
2,10,vzg7a0ro,14,mnDistorted,Filler,1541103973,2,19,False
2,10,vzg7a0ro,15,mnDistorted,Results,1541103976,3,19,False
2,10,vzg7a0ro,17,mnDistorted,Decisions,1541104040,64,20,False
2,10,vzg7a0ro,18,mnDistorted,Filler,1541104042,2,20,False
2,10,vzg7a0ro,19,mnDistorted,Results,1541104049,7,20,False
2,10,vzg7a0ro,21,mnDistorted,Decisions,1541104156,107,21,False
2,10,vzg7a0ro,22,mnDistorted,Filler,1541104157,1,21,False
2,10,vzg7a0ro,23,mnDistorted,Results,1541104159,2,21,False
2,10,vzg7a0ro,25,mnDistorted,Decisions,1541104169,10,22,False
2,10,vzg7a0ro,26,mnDistorted,Filler,1541104171,2,22,False
2,10,vzg7a0ro,27,mnDistorted,Results,1541104172,1,22,False
2,10,vzg7a0ro,29,mnDistorted,Decisions,1541104177,5,23,False
2,10,vzg7a0ro,30,mnDistorted,Filler,1541104178,1,23,False
2,10,vzg7a0ro,31,mnDistorted,Results,1541104180,2,23,False
2,10,vzg7a0ro,33,mnDistorted,Decisions,1541104185,5,24,False
2,10,vzg7a0ro,34,mnDistorted,Filler,1541104186,1,24,False
2,10,vzg7a0ro,35,mnDistorted,Results,1541104188,2,24,False
2,10,vzg7a0ro,37,mnDistorted,Decisions,1541104241,53,25,False
2,10,vzg7a0ro,38,mnDistorted,Filler,1541104243,2,25,False
2,10,vzg7a0ro,39,mnDistorted,Results,1541104246,3,25,False
2,10,vzg7a0ro,41,mnDistorted,Decisions,1541104252,6,26,False
2,10,vzg7a0ro,42,mnDistorted,Filler,1541104253,1,26,False
2,10,vzg7a0ro,43,mnDistorted,Results,1541104255,2,26,False
2,10,vzg7a0ro,45,mnDistorted,Decisions,1541104260,5,27,False
2,10,vzg7a0ro,46,mnDistorted,Filler,1541104261,1,27,False
2,10,vzg7a0ro,47,mnDistorted,Results,1541104263,2,27,False
2,10,vzg7a0ro,49,mnDistorted,Decisions,1541104266,3,28,False
2,10,vzg7a0ro,50,mnDistorted,Filler,1541104268,2,28,False
2,10,vzg7a0ro,51,mnDistorted,Results,1541104270,2,28,False
2,10,vzg7a0ro,53,mnDistorted,Decisions,1541104314,44,29,False
2,10,vzg7a0ro,54,mnDistorted,Filler,1541104316,2,29,False
2,10,vzg7a0ro,55,mnDistorted,Results,1541104318,2,29,False
2,10,vzg7a0ro,57,mnDistorted,Decisions,1541104322,4,30,False
2,10,vzg7a0ro,58,mnDistorted,Filler,1541104324,2,30,False
2,10,vzg7a0ro,59,mnDistorted,Results,1541104326,2,30,False
2,10,vzg7a0ro,61,mnDistorted,Decisions,1541104329,3,31,False
2,10,vzg7a0ro,62,mnDistorted,Filler,1541104331,2,31,False
2,10,vzg7a0ro,63,mnDistorted,Results,1541104332,1,31,False
2,10,vzg7a0ro,65,mnDistorted,Decisions,1541104336,4,32,False
2,10,vzg7a0ro,66,mnDistorted,Filler,1541104337,1,32,False
2,10,vzg7a0ro,67,mnDistorted,Results,1541104339,2,32,False
2,10,vzg7a0ro,68,mnEfficient,efficientStart,1541104344,5,17,False
2,10,vzg7a0ro,69,mnEfficient,Decisions,1541104475,131,17,False
2,10,vzg7a0ro,70,mnEfficient,Filler,1541104476,1,17,False
2,10,vzg7a0ro,71,mnEfficient,Results,1541104478,2,17,False
2,10,vzg7a0ro,73,mnEfficient,Decisions,1541104483,5,18,False
2,10,vzg7a0ro,74,mnEfficient,Filler,1541104485,2,18,False
2,10,vzg7a0ro,75,mnEfficient,Results,1541104487,2,18,False
2,10,vzg7a0ro,77,mnEfficient,Decisions,1541104492,5,19,False
2,10,vzg7a0ro,78,mnEfficient,Filler,1541104494,2,19,False
2,10,vzg7a0ro,79,mnEfficient,Results,1541104496,2,19,False
2,10,vzg7a0ro,81,mnEfficient,Decisions,1541104502,6,20,False
2,10,vzg7a0ro,82,mnEfficient,Filler,1541104503,1,20,False
2,10,vzg7a0ro,83,mnEfficient,Results,1541104506,3,20,False
2,10,vzg7a0ro,85,mnEfficient,Decisions,1541104559,53,21,False
2,10,vzg7a0ro,86,mnEfficient,Filler,1541104561,2,21,False
2,10,vzg7a0ro,87,mnEfficient,Results,1541104563,2,21,False
2,10,vzg7a0ro,89,mnEfficient,Decisions,1541104567,4,22,False
2,10,vzg7a0ro,90,mnEfficient,Filler,1541104569,2,22,False
2,10,vzg7a0ro,91,mnEfficient,Results,1541104570,1,22,False
2,10,vzg7a0ro,93,mnEfficient,Decisions,1541104575,5,23,False
2,10,vzg7a0ro,94,mnEfficient,Filler,1541104576,1,23,False
2,10,vzg7a0ro,95,mnEfficient,Results,1541104579,3,23,False
2,10,vzg7a0ro,97,mnEfficient,Decisions,1541104584,5,24,False
2,10,vzg7a0ro,98,mnEfficient,Filler,1541104586,2,24,False
2,10,vzg7a0ro,99,mnEfficient,Results,1541104588,2,24,False
2,10,vzg7a0ro,101,mnEfficient,Decisions,1541104593,5,25,False
2,10,vzg7a0ro,102,mnEfficient,Filler,1541104594,1,25,False
2,10,vzg7a0ro,103,mnEfficient,Results,1541104596,2,25,False
2,10,vzg7a0ro,105,mnEfficient,Decisions,1541104600,4,26,False
2,10,vzg7a0ro,106,mnEfficient,Filler,1541104602,2,26,False
2,10,vzg7a0ro,107,mnEfficient,Results,1541104603,1,26,False
2,10,vzg7a0ro,109,mnEfficient,Decisions,1541104608,5,27,False
2,10,vzg7a0ro,110,mnEfficient,Filler,1541104610,2,27,False
2,10,vzg7a0ro,111,mnEfficient,Results,1541104611,1,27,False
2,10,vzg7a0ro,113,mnEfficient,Decisions,1541104630,19,28,False
2,10,vzg7a0ro,114,mnEfficient,Filler,1541104631,1,28,False
2,10,vzg7a0ro,115,mnEfficient,Results,1541104633,2,28,False
2,10,vzg7a0ro,117,mnEfficient,Decisions,1541104637,4,29,False
2,10,vzg7a0ro,118,mnEfficient,Filler,1541104638,1,29,False
2,10,vzg7a0ro,119,mnEfficient,Results,1541104640,2,29,False
2,10,vzg7a0ro,121,mnEfficient,Decisions,1541104645,5,30,False
2,10,vzg7a0ro,122,mnEfficient,Filler,1541104647,2,30,False
2,10,vzg7a0ro,123,mnEfficient,Results,1541104651,4,30,False
2,10,vzg7a0ro,125,mnEfficient,Decisions,1541104657,6,31,False
2,10,vzg7a0ro,126,mnEfficient,Filler,1541104658,1,31,False
2,10,vzg7a0ro,127,mnEfficient,Results,1541104664,6,31,False
2,10,vzg7a0ro,129,mnEfficient,Decisions,1541104669,5,32,False
2,10,vzg7a0ro,130,mnEfficient,Filler,1541104670,1,32,False
2,10,vzg7a0ro,131,mnEfficient,Results,1541104672,2,32,False
2,10,vzg7a0ro,132,lottery,MyPage,1541104678,6,2,False
2,11,svkqsoth,1,preQuiz,MyPage,1541103272,1185,2,True
2,11,svkqsoth,2,preQuiz,Questions,1541103687,415,2,False
2,11,svkqsoth,3,preQuiz,Answers,1541103692,5,2,False
2,11,svkqsoth,4,mnDistorted,efficientStart,1541103707,15,17,False
2,11,svkqsoth,5,mnDistorted,Decisions,1541104007,300,17,False
2,11,svkqsoth,6,mnDistorted,Filler,1541104010,3,17,False
2,11,svkqsoth,7,mnDistorted,Results,1541104017,7,17,False
2,11,svkqsoth,9,mnDistorted,Decisions,1541104364,347,18,False
2,11,svkqsoth,10,mnDistorted,Filler,1541104365,1,18,False
2,11,svkqsoth,11,mnDistorted,Results,1541104380,15,18,False
2,11,svkqsoth,13,mnDistorted,Decisions,1541104822,442,19,False
2,11,svkqsoth,14,mnDistorted,Filler,1541104824,2,19,False
2,11,svkqsoth,15,mnDistorted,Results,1541104852,28,19,False
2,11,svkqsoth,17,mnDistorted,Decisions,1541104879,27,20,False
2,11,svkqsoth,18,mnDistorted,Filler,1541104880,1,20,False
2,11,svkqsoth,19,mnDistorted,Results,1541104895,15,20,False
2,11,svkqsoth,21,mnDistorted,Decisions,1541104903,8,21,False
2,11,svkqsoth,22,mnDistorted,Filler,1541104905,2,21,False
2,11,svkqsoth,23,mnDistorted,Results,1541104913,8,21,False
2,11,svkqsoth,25,mnDistorted,Decisions,1541104947,34,22,False
2,11,svkqsoth,26,mnDistorted,Filler,1541104949,2,22,False
2,11,svkqsoth,27,mnDistorted,Results,1541104951,2,22,False
2,11,svkqsoth,29,mnDistorted,Decisions,1541104961,10,23,False
2,11,svkqsoth,30,mnDistorted,Filler,1541104962,1,23,False
2,11,svkqsoth,31,mnDistorted,Results,1541105013,51,23,False
2,11,svkqsoth,33,mnDistorted,Decisions,1541105018,5,24,False
2,11,svkqsoth,34,mnDistorted,Filler,1541105020,2,24,False
2,11,svkqsoth,35,mnDistorted,Results,1541105025,5,24,False
2,11,svkqsoth,37,mnDistorted,Decisions,1541105038,13,25,False
2,11,svkqsoth,38,mnDistorted,Filler,1541105040,2,25,False
2,11,svkqsoth,39,mnDistorted,Results,1541105042,2,25,False
2,11,svkqsoth,41,mnDistorted,Decisions,1541105046,4,26,False
2,11,svkqsoth,42,mnDistorted,Filler,1541105048,2,26,False
2,11,svkqsoth,43,mnDistorted,Results,1541105050,2,26,False
2,11,svkqsoth,45,mnDistorted,Decisions,1541105059,9,27,False
2,11,svkqsoth,46,mnDistorted,Filler,1541105060,1,27,False
2,11,svkqsoth,47,mnDistorted,Results,1541105062,2,27,False
2,11,svkqsoth,49,mnDistorted,Decisions,1541105065,3,28,False
2,11,svkqsoth,50,mnDistorted,Filler,1541105066,1,28,False
2,11,svkqsoth,51,mnDistorted,Results,1541105068,2,28,False
2,11,svkqsoth,53,mnDistorted,Decisions,1541105070,2,29,False
2,11,svkqsoth,54,mnDistorted,Filler,1541105072,2,29,False
2,11,svkqsoth,55,mnDistorted,Results,1541105079,7,29,False
2,11,svkqsoth,57,mnDistorted,Decisions,1541105081,2,30,False
2,11,svkqsoth,58,mnDistorted,Filler,1541105083,2,30,False
2,11,svkqsoth,59,mnDistorted,Results,1541105084,1,30,False
2,11,svkqsoth,61,mnDistorted,Decisions,1541105089,5,31,False
2,11,svkqsoth,62,mnDistorted,Filler,1541105092,3,31,False
2,11,svkqsoth,63,mnDistorted,Results,1541105094,2,31,False
2,11,svkqsoth,65,mnDistorted,Decisions,1541105096,2,32,False
2,11,svkqsoth,66,mnDistorted,Filler,1541105098,2,32,False
2,11,svkqsoth,67,mnDistorted,Results,1541105099,1,32,False
2,11,svkqsoth,68,mnEfficient,efficientStart,1541105117,18,17,False
2,11,svkqsoth,69,mnEfficient,Decisions,1541105350,233,17,False
2,11,svkqsoth,70,mnEfficient,Filler,1541105352,2,17,False
2,11,svkqsoth,71,mnEfficient,Results,1541105356,4,17,False
2,11,svkqsoth,73,mnEfficient,Decisions,1541105387,31,18,False
2,11,svkqsoth,74,mnEfficient,Filler,1541105388,1,18,False
2,11,svkqsoth,75,mnEfficient,Results,1541105390,2,18,False
2,11,svkqsoth,77,mnEfficient,Decisions,1541105394,4,19,False
2,11,svkqsoth,78,mnEfficient,Filler,1541105395,1,19,False
2,11,svkqsoth,79,mnEfficient,Results,1541105399,4,19,False
2,11,svkqsoth,81,mnEfficient,Decisions,1541105403,4,20,False
2,11,svkqsoth,82,mnEfficient,Filler,1541105405,2,20,False
2,11,svkqsoth,83,mnEfficient,Results,1541105407,2,20,False
2,11,svkqsoth,85,mnEfficient,Decisions,1541105411,4,21,False
2,11,svkqsoth,86,mnEfficient,Filler,1541105413,2,21,False
2,11,svkqsoth,87,mnEfficient,Results,1541105415,2,21,False
2,11,svkqsoth,89,mnEfficient,Decisions,1541105420,5,22,False
2,11,svkqsoth,90,mnEfficient,Filler,1541105421,1,22,False
2,11,svkqsoth,91,mnEfficient,Results,1541105423,2,22,False
2,11,svkqsoth,93,mnEfficient,Decisions,1541105427,4,23,False
2,11,svkqsoth,94,mnEfficient,Filler,1541105428,1,23,False
2,11,svkqsoth,95,mnEfficient,Results,1541105430,2,23,False
2,11,svkqsoth,97,mnEfficient,Decisions,1541105434,4,24,False
2,11,svkqsoth,98,mnEfficient,Filler,1541105436,2,24,False
2,11,svkqsoth,99,mnEfficient,Results,1541105438,2,24,False
2,11,svkqsoth,101,mnEfficient,Decisions,1541105443,5,25,False
2,11,svkqsoth,102,mnEfficient,Filler,1541105444,1,25,False
2,11,svkqsoth,103,mnEfficient,Results,1541105446,2,25,False
2,11,svkqsoth,105,mnEfficient,Decisions,1541105449,3,26,False
2,11,svkqsoth,106,mnEfficient,Filler,1541105451,2,26,False
2,11,svkqsoth,107,mnEfficient,Results,1541105453,2,26,False
2,11,svkqsoth,109,mnEfficient,Decisions,1541105456,3,27,False
2,11,svkqsoth,110,mnEfficient,Filler,1541105457,1,27,False
2,11,svkqsoth,111,mnEfficient,Results,1541105459,2,27,False
2,11,svkqsoth,113,mnEfficient,Decisions,1541105462,3,28,False
2,11,svkqsoth,114,mnEfficient,Filler,1541105463,1,28,False
2,11,svkqsoth,115,mnEfficient,Results,1541105466,3,28,False
2,11,svkqsoth,117,mnEfficient,Decisions,1541105470,4,29,False
2,11,svkqsoth,118,mnEfficient,Filler,1541105471,1,29,False
2,11,svkqsoth,119,mnEfficient,Results,1541105472,1,29,False
2,11,svkqsoth,121,mnEfficient,Decisions,1541105476,4,30,False
2,11,svkqsoth,122,mnEfficient,Filler,1541105478,2,30,False
2,11,svkqsoth,123,mnEfficient,Results,1541105480,2,30,False
2,11,svkqsoth,125,mnEfficient,Decisions,1541105482,2,31,False
2,11,svkqsoth,126,mnEfficient,Filler,1541105484,2,31,False
2,11,svkqsoth,127,mnEfficient,Results,1541105486,2,31,False
2,11,svkqsoth,129,mnEfficient,Decisions,1541105490,4,32,False
2,11,svkqsoth,130,mnEfficient,Filler,1541105491,1,32,False
2,11,svkqsoth,131,mnEfficient,Results,1541105493,2,32,False
2,11,svkqsoth,132,lottery,MyPage,1541105497,4,2,False
